{
"type": "FeatureCollection",
"name": "UP_projet",
"crs": { "type": "name", "properties": { "name": "urn:ogc:def:crs:OGC:1.3:CRS84" } },
"features": [
{ "type": "Feature", "properties": { "ogc_fid": 320, "code": "UP0605601", "inseedep": "06", "inseecom": "06056", "nom1": "SANGUINIERE", "nom2": "N", "surface": 560.18, "surf_mnt": 611.16, "etage_alt": "HM", "prop_type1": "DOM", "prop_reg": "N", "usage": "O", "motif": "N", "traite": "N", "transform": "N", "phae": "N", "mae": "O", "surf_mae": 131.0, "annee_ref": "2012", "source": "CERPAM", "id_source": "06056007", "aut_source": "PNM", "prop_type2": "N", "prop_type3": "N", "faire_val1": "CPP", "faire_val2": "N", "faire_val3": "N", "dern_usage": null, "util_pasto": "GP", "origine": "04", "exploit": 3, "pension": "N", "esp_dom": "O", "date_deb": "2013-06-20", "date_fin": "2013-09-25", "duree": 97, "retour": "N", "circuit": "N", "conduite": "GAR", "parc": "N", "fauche": "N", "vente": "N", "accueil": "N", "travail": 1, "jours_trav": 95, "salarie": 1, "jours_sal": 95, "ef_ov_pat": 850, "ef_ca_pat": 0, "ef_vl_pat": 0, "ef_vat_pat": 0, "ef_gt_pat": 0, "ef_bnl_pat": 0, "ef_eq_pat": 0, "ef_au_pat": 0, "ef_ov_15j": 850, "ef_ca_15j": 0, "ef_vl_15j": 0, "ef_vat_15j": 0, "ef_gt_15j": 0, "ef_bnl_15j": 0, "ef_eq_15j": 0, "ef_au_15j": 0, "ov_com": 0, "ov_dep": 0, "ov_ext": 850, "dep1_ov": "13", "dep2_ov": "04", "ca_com": 0, "ca_dep": 0, "ca_ext": 0, "dep1_ca": "N", "dep2_ca": "N", "vl_com": 0, "vl_dep": 0, "vl_ext": 0, "dep1_vl": "N", "dep2_vl": "N", "vat_com": 0, "vat_dep": 0, "vat_ext": 0, "dep1_vat": "N", "dep2_vat": "N", "gt_com": 0, "gt_dep": 0, "gt_ext": 0, "dep1_gt": "N", "dep2_gt": "N", "bnl_com": 0, "bnl_dep": 0, "bnl_ext": 0, "dep1_bnl": "N", "dep2_bnl": "N", "eq_com": 0, "eq_dep": 0, "eq_ext": 0, "dep1_eq": "N", "dep2_eq": "N", "enqueteur": "FV", "ogc_fid_2": null, "code_2": null, "inseedep_2": null, "inseecom_2": null, "nom1_2": null, "nom2_2": null, "surface_2": null, "surf_mnt_2": null, "etage_alt_2": null, "prop_type1_2": null, "prop_reg_2": null, "usage_2": null, "motif_2": null, "traite_2": null, "transform_2": null, "phae_2": null, "mae_2": null, "surf_mae_2": null, "annee_ref_2": null, "source_2": null, "id_source_2": null, "aut_source_2": null, "prop_type2_2": null, "prop_type3_2": null, "faire_val1_2": null, "faire_val2_2": null, "faire_val3_2": null, "dern_usage_2": null, "util_pasto_2": null, "origine_2": null, "exploit_2": null, "pension_2": null, "esp_dom_2": null, "date_deb_2": null, "date_fin_2": null, "duree_2": null, "retour_2": null, "circuit_2": null, "conduite_2": null, "parc_2": null, "fauche_2": null, "vente_2": null, "accueil_2": null, "travail_2": null, "jours_trav_2": null, "salarie_2": null, "jours_sal_2": null, "ef_ov_pat_2": null, "ef_ca_pat_2": null, "ef_vl_pat_2": null, "ef_vat_pat_2": null, "ef_gt_pat_2": null, "ef_bnl_pat_2": null, "ef_eq_pat_2": null, "ef_au_pat_2": null, "ef_ov_15j_2": null, "ef_ca_15j_2": null, "ef_vl_15j_2": null, "ef_vat_15j_2": null, "ef_gt_15j_2": null, "ef_bnl_15j_2": null, "ef_eq_15j_2": null, "ef_au_15j_2": null, "ov_com_2": null, "ov_dep_2": null, "ov_ext_2": null, "dep1_ov_2": null, "dep2_ov_2": null, "ca_com_2": null, "ca_dep_2": null, "ca_ext_2": null, "dep1_ca_2": null, "dep2_ca_2": null, "vl_com_2": null, "vl_dep_2": null, "vl_ext_2": null, "dep1_vl_2": null, "dep2_vl_2": null, "vat_com_2": null, "vat_dep_2": null, "vat_ext_2": null, "dep1_vat_2": null, "dep2_vat_2": null, "gt_com_2": null, "gt_dep_2": null, "gt_ext_2": null, "dep1_gt_2": null, "dep2_gt_2": null, "bnl_com_2": null, "bnl_dep_2": null, "bnl_ext_2": null, "dep1_bnl_2": null, "dep2_bnl_2": null, "eq_com_2": null, "eq_dep_2": null, "eq_ext_2": null, "dep1_eq_2": null, "dep2_eq_2": null, "enqueteur_2": null }, "geometry": { "type": "MultiPolygon", "coordinates": [ [ [ [ 6.767947557454413, 44.265426395036116 ], [ 6.765682116202683, 44.266001022280832 ], [ 6.762087342701578, 44.265627336216774 ], [ 6.75837076351351, 44.266914063845611 ], [ 6.758688303873429, 44.269965420539421 ], [ 6.75814710413876, 44.270678167074024 ], [ 6.75869030349821, 44.27113230640218 ], [ 6.758775810335724, 44.271311306778195 ], [ 6.758635057807117, 44.272776125671939 ], [ 6.758334549574742, 44.274361944931456 ], [ 6.758666027059415, 44.274981774556046 ], [ 6.759904868499331, 44.276449803245939 ], [ 6.761211455958041, 44.277620289155628 ], [ 6.761373687679646, 44.277731542507482 ], [ 6.76250213103881, 44.278462190072695 ], [ 6.762872097635507, 44.279001325793971 ], [ 6.762972782355217, 44.279716686045788 ], [ 6.763569565008861, 44.279599345399241 ], [ 6.76450771891874, 44.279015607466647 ], [ 6.765625165373248, 44.278751801850653 ], [ 6.766618745112172, 44.278707909829066 ], [ 6.767346147229119, 44.278397365359375 ], [ 6.768079970085122, 44.277912049069322 ], [ 6.768786390520941, 44.277453011955792 ], [ 6.769631671294517, 44.277008253187709 ], [ 6.770163035932426, 44.277048788573516 ], [ 6.770964813423044, 44.277325256432441 ], [ 6.771860024493328, 44.277841921646299 ], [ 6.772248153789096, 44.27791466085398 ], [ 6.773121177801952, 44.277832535324201 ], [ 6.777232711386545, 44.276840586904811 ], [ 6.778032579962418, 44.276562941751877 ], [ 6.77865852113024, 44.275941040953903 ], [ 6.779468397795344, 44.275835530368752 ], [ 6.781149078023152, 44.275170565689642 ], [ 6.781149750770007, 44.275085618685864 ], [ 6.782276943480523, 44.27518180495079 ], [ 6.78509496879457, 44.27404638743868 ], [ 6.786569986803764, 44.273126113044874 ], [ 6.784946525291223, 44.271628844367498 ], [ 6.783981647414193, 44.269261354377953 ], [ 6.785190714985631, 44.266654325875969 ], [ 6.786092665930732, 44.266374771491037 ], [ 6.787484441179772, 44.268230599728568 ], [ 6.786087963076694, 44.268030300194823 ], [ 6.785750724851872, 44.269862934215929 ], [ 6.786735441130114, 44.270821793966043 ], [ 6.788540939303121, 44.270263622452987 ], [ 6.793337232001658, 44.264469361040007 ], [ 6.792913934294384, 44.26158734241595 ], [ 6.791047154588509, 44.259500555730021 ], [ 6.785261789915864, 44.257382260535238 ], [ 6.781091321984511, 44.256278838310401 ], [ 6.780211513694741, 44.254162748605225 ], [ 6.781052757298919, 44.252975339256459 ], [ 6.782202387814624, 44.252935736822955 ], [ 6.784532542750041, 44.251614171763812 ], [ 6.785248278480033, 44.248701119887123 ], [ 6.785268151392401, 44.247119667947622 ], [ 6.786153846165284, 44.244854042340542 ], [ 6.793212032981615, 44.241245182750056 ], [ 6.795093542154141, 44.238335893816149 ], [ 6.788660575722629, 44.23937481452824 ], [ 6.782821100463575, 44.243230788884212 ], [ 6.77934932108458, 44.246412615408111 ], [ 6.778545254625714, 44.24817845812705 ], [ 6.777162267873407, 44.249881398103241 ], [ 6.775625797719417, 44.251010892838003 ], [ 6.77425008920919, 44.250628658458162 ], [ 6.772944663549402, 44.250523349049018 ], [ 6.771621460660379, 44.251395977883561 ], [ 6.770692941853452, 44.250750902555808 ], [ 6.768241265094164, 44.249821309210141 ], [ 6.764611495694534, 44.24943896194754 ], [ 6.762833969727879, 44.250401041821874 ], [ 6.769592651823078, 44.255521704019266 ], [ 6.770116962251115, 44.256496495500699 ], [ 6.770368922574751, 44.258252763145862 ], [ 6.769860952364761, 44.259452955975846 ], [ 6.76798480627187, 44.261882858663746 ], [ 6.765128938989456, 44.264613102989479 ], [ 6.768057055308343, 44.265339819000893 ], [ 6.767947557454413, 44.265426395036116 ] ] ] ] } },
{ "type": "Feature", "properties": { "ogc_fid": 324, "code": "UP0611001", "inseedep": "06", "inseecom": "06110", "nom1": "VACHERIE_ROUBION", "nom2": "N", "surface": 296.23, "surf_mnt": 323.29, "etage_alt": "HM", "prop_type1": "COM", "prop_reg": "N", "usage": "O", "motif": "N", "traite": "N", "transform": "N", "phae": "N", "mae": "O", "surf_mae": 183.25, "annee_ref": "2012", "source": "CERPAM", "id_source": "06110004", "aut_source": "NCA", "prop_type2": "PRI", "prop_type3": "N", "faire_val1": "CPP", "faire_val2": "N", "faire_val3": "N", "dern_usage": null, "util_pasto": "FAI", "origine": "83", "exploit": 2, "pension": "N", "esp_dom": "O", "date_deb": "2013-07-15", "date_fin": "2013-10-07", "duree": 83, "retour": "N", "circuit": "O", "conduite": "GAR", "parc": "N", "fauche": "N", "vente": "N", "accueil": "N", "travail": 2, "jours_trav": 166, "salarie": 0, "jours_sal": 0, "ef_ov_pat": 1600, "ef_ca_pat": 0, "ef_vl_pat": 0, "ef_vat_pat": 5, "ef_gt_pat": 0, "ef_bnl_pat": 5, "ef_eq_pat": 0, "ef_au_pat": 0, "ef_ov_15j": 1600, "ef_ca_15j": 0, "ef_vl_15j": 0, "ef_vat_15j": 5, "ef_gt_15j": 0, "ef_bnl_15j": 5, "ef_eq_15j": 0, "ef_au_15j": 0, "ov_com": 0, "ov_dep": 0, "ov_ext": 1600, "dep1_ov": "83", "dep2_ov": "N", "ca_com": 0, "ca_dep": 0, "ca_ext": 0, "dep1_ca": "N", "dep2_ca": "N", "vl_com": 0, "vl_dep": 0, "vl_ext": 0, "dep1_vl": "N", "dep2_vl": "N", "vat_com": 0, "vat_dep": 0, "vat_ext": 5, "dep1_vat": "83", "dep2_vat": "N", "gt_com": 0, "gt_dep": 0, "gt_ext": 0, "dep1_gt": "N", "dep2_gt": "N", "bnl_com": 0, "bnl_dep": 0, "bnl_ext": 5, "dep1_bnl": "83", "dep2_bnl": "N", "eq_com": 0, "eq_dep": 0, "eq_ext": 0, "dep1_eq": "N", "dep2_eq": "N", "enqueteur": "FV", "ogc_fid_2": null, "code_2": null, "inseedep_2": null, "inseecom_2": null, "nom1_2": null, "nom2_2": null, "surface_2": null, "surf_mnt_2": null, "etage_alt_2": null, "prop_type1_2": null, "prop_reg_2": null, "usage_2": null, "motif_2": null, "traite_2": null, "transform_2": null, "phae_2": null, "mae_2": null, "surf_mae_2": null, "annee_ref_2": null, "source_2": null, "id_source_2": null, "aut_source_2": null, "prop_type2_2": null, "prop_type3_2": null, "faire_val1_2": null, "faire_val2_2": null, "faire_val3_2": null, "dern_usage_2": null, "util_pasto_2": null, "origine_2": null, "exploit_2": null, "pension_2": null, "esp_dom_2": null, "date_deb_2": null, "date_fin_2": null, "duree_2": null, "retour_2": null, "circuit_2": null, "conduite_2": null, "parc_2": null, "fauche_2": null, "vente_2": null, "accueil_2": null, "travail_2": null, "jours_trav_2": null, "salarie_2": null, "jours_sal_2": null, "ef_ov_pat_2": null, "ef_ca_pat_2": null, "ef_vl_pat_2": null, "ef_vat_pat_2": null, "ef_gt_pat_2": null, "ef_bnl_pat_2": null, "ef_eq_pat_2": null, "ef_au_pat_2": null, "ef_ov_15j_2": null, "ef_ca_15j_2": null, "ef_vl_15j_2": null, "ef_vat_15j_2": null, "ef_gt_15j_2": null, "ef_bnl_15j_2": null, "ef_eq_15j_2": null, "ef_au_15j_2": null, "ov_com_2": null, "ov_dep_2": null, "ov_ext_2": null, "dep1_ov_2": null, "dep2_ov_2": null, "ca_com_2": null, "ca_dep_2": null, "ca_ext_2": null, "dep1_ca_2": null, "dep2_ca_2": null, "vl_com_2": null, "vl_dep_2": null, "vl_ext_2": null, "dep1_vl_2": null, "dep2_vl_2": null, "vat_com_2": null, "vat_dep_2": null, "vat_ext_2": null, "dep1_vat_2": null, "dep2_vat_2": null, "gt_com_2": null, "gt_dep_2": null, "gt_ext_2": null, "dep1_gt_2": null, "dep2_gt_2": null, "bnl_com_2": null, "bnl_dep_2": null, "bnl_ext_2": null, "dep1_bnl_2": null, "dep2_bnl_2": null, "eq_com_2": null, "eq_dep_2": null, "eq_ext_2": null, "dep1_eq_2": null, "dep2_eq_2": null, "enqueteur_2": null }, "geometry": { "type": "MultiPolygon", "coordinates": [ [ [ [ 7.012502917110984, 44.132127014130063 ], [ 7.012035946007277, 44.131947791463425 ], [ 7.007848705944556, 44.133149169623756 ], [ 7.004910220454029, 44.132732081486736 ], [ 7.003096195470355, 44.132798387755443 ], [ 7.001636911536065, 44.132720821863693 ], [ 6.999043957483534, 44.13333904697808 ], [ 6.997063691290324, 44.134917503732368 ], [ 6.995912987746284, 44.135352133985116 ], [ 6.994929769892974, 44.135584318913132 ], [ 6.99372376034646, 44.136545497993801 ], [ 6.994288285475638, 44.139405376137475 ], [ 6.9942217967626, 44.141044868532468 ], [ 6.99455001830083, 44.143128065549163 ], [ 6.993989558893106, 44.143800872250502 ], [ 6.994048608642343, 44.144519603753388 ], [ 6.993788392910397, 44.145161013317107 ], [ 6.994068329489962, 44.146274571119861 ], [ 6.993659899771657, 44.146787431669431 ], [ 6.993711150429686, 44.147415443350617 ], [ 6.993421430365688, 44.147697996441046 ], [ 6.992700214219166, 44.148044331920175 ], [ 6.992296783754155, 44.148467021991642 ], [ 6.99215480457914, 44.149013114300338 ], [ 6.992138760241302, 44.14973458405489 ], [ 6.991911348365963, 44.15001486270824 ], [ 6.990474418710084, 44.150787063936797 ], [ 6.98999010056785, 44.15098875601884 ], [ 6.989667479758658, 44.151632427539667 ], [ 6.989184496514188, 44.151833044653763 ], [ 6.988786853321373, 44.152480467004828 ], [ 6.988548543906702, 44.152626160587651 ], [ 6.988087286173823, 44.153095930064779 ], [ 6.98788929598829, 44.153735060042955 ], [ 6.987963643719613, 44.154632182599975 ], [ 6.987795374357113, 44.154865308252148 ], [ 6.986499077408451, 44.155235592889781 ], [ 6.986030066250069, 44.155615652246155 ], [ 6.985571912422816, 44.156130288734673 ], [ 6.98509202511965, 44.156375765170466 ], [ 6.98403597685842, 44.156466311726263 ], [ 6.9837461625792, 44.156748840604642 ], [ 6.98372096940926, 44.157199669971774 ], [ 6.983477588155016, 44.157435518790791 ], [ 6.982930208312508, 44.15763026686971 ], [ 6.982453443550412, 44.157920608935569 ], [ 6.981712450602895, 44.158332004950672 ], [ 6.981314464175052, 44.15820637740012 ], [ 6.979958628400589, 44.158255624826175 ], [ 6.979181649554405, 44.158822711709078 ], [ 6.980900333646605, 44.160322721007084 ], [ 6.9831872998469, 44.159756990891424 ], [ 6.98870954107934, 44.160238176990283 ], [ 6.989325940612046, 44.159428388607722 ], [ 6.989918130704989, 44.159467160181805 ], [ 6.992846953231632, 44.156415585012915 ], [ 6.9944941783759, 44.156551882658647 ], [ 6.995626954397936, 44.155856162363101 ], [ 6.995812881932228, 44.155914825530708 ], [ 6.997301732715761, 44.156384067914431 ], [ 6.998486643241466, 44.156853133316069 ], [ 7.000165437758742, 44.156791866941681 ], [ 7.002141610135878, 44.156173677147095 ], [ 7.004919565132906, 44.154982157928679 ], [ 7.006198600005906, 44.154026364343906 ], [ 7.005190474458919, 44.149276696428188 ], [ 7.005098343105804, 44.14915838169334 ], [ 7.002139230517129, 44.148963831053955 ], [ 6.999114795966197, 44.146650846016108 ], [ 6.998727967004781, 44.144726238599404 ], [ 6.998692437453911, 44.143031152175695 ], [ 6.999509669697645, 44.14269865262353 ], [ 7.002148223918855, 44.141935608215555 ], [ 7.003789629557717, 44.141350053085191 ], [ 7.006075408019654, 44.140338032698452 ], [ 7.008042454222566, 44.139599393011451 ], [ 7.009425953041586, 44.138942404295484 ], [ 7.010014595113628, 44.136801139092135 ], [ 7.012747369251942, 44.135588551168119 ], [ 7.013854842396796, 44.135809748561606 ], [ 7.01503309288349, 44.135766570862238 ], [ 7.015730489395423, 44.135348352915187 ], [ 7.015221895533464, 44.134580662666423 ], [ 7.014002168697315, 44.134036380952921 ], [ 7.012585958357561, 44.133302956964023 ], [ 7.012502917110984, 44.132127014130063 ] ] ] ] } },
{ "type": "Feature", "properties": { "ogc_fid": 357, "code": "UP0611902", "inseedep": "06", "inseecom": "06119", "nom1": "ALPE_BONETTE", "nom2": "N", "surface": 916.82, "surf_mnt": 1011.79, "etage_alt": "HM", "prop_type1": "COM", "prop_reg": "N", "usage": "O", "motif": "N", "traite": "N", "transform": "N", "phae": "N", "mae": "N", "surf_mae": null, "annee_ref": "2012", "source": "CERPAM", "id_source": null, "aut_source": null, "prop_type2": "PRI", "prop_type3": "N", "faire_val1": "BR", "faire_val2": "VER", "faire_val3": "N", "dern_usage": null, "util_pasto": "FAI", "origine": "COM", "exploit": 2, "pension": "N", "esp_dom": "O", "date_deb": "2013-06-25", "date_fin": "2013-10-10", "duree": 107, "retour": "N", "circuit": "N", "conduite": "GAR", "parc": "N", "fauche": "N", "vente": "N", "accueil": "N", "travail": 2, "jours_trav": 160, "salarie": 0, "jours_sal": 0, "ef_ov_pat": 1600, "ef_ca_pat": 0, "ef_vl_pat": 0, "ef_vat_pat": 0, "ef_gt_pat": 0, "ef_bnl_pat": 0, "ef_eq_pat": 0, "ef_au_pat": 0, "ef_ov_15j": 1600, "ef_ca_15j": 0, "ef_vl_15j": 0, "ef_vat_15j": 0, "ef_gt_15j": 0, "ef_bnl_15j": 0, "ef_eq_15j": 0, "ef_au_15j": 0, "ov_com": 800, "ov_dep": 0, "ov_ext": 800, "dep1_ov": "13", "dep2_ov": "N", "ca_com": 0, "ca_dep": 0, "ca_ext": 0, "dep1_ca": "N", "dep2_ca": "N", "vl_com": 0, "vl_dep": 0, "vl_ext": 0, "dep1_vl": "N", "dep2_vl": "N", "vat_com": 0, "vat_dep": 0, "vat_ext": 0, "dep1_vat": "N", "dep2_vat": "N", "gt_com": 0, "gt_dep": 0, "gt_ext": 0, "dep1_gt": "N", "dep2_gt": "N", "bnl_com": 0, "bnl_dep": 0, "bnl_ext": 0, "dep1_bnl": "N", "dep2_bnl": "N", "eq_com": 0, "eq_dep": 0, "eq_ext": 0, "dep1_eq": "N", "dep2_eq": "N", "enqueteur": "ALG", "ogc_fid_2": null, "code_2": null, "inseedep_2": null, "inseecom_2": null, "nom1_2": null, "nom2_2": null, "surface_2": null, "surf_mnt_2": null, "etage_alt_2": null, "prop_type1_2": null, "prop_reg_2": null, "usage_2": null, "motif_2": null, "traite_2": null, "transform_2": null, "phae_2": null, "mae_2": null, "surf_mae_2": null, "annee_ref_2": null, "source_2": null, "id_source_2": null, "aut_source_2": null, "prop_type2_2": null, "prop_type3_2": null, "faire_val1_2": null, "faire_val2_2": null, "faire_val3_2": null, "dern_usage_2": null, "util_pasto_2": null, "origine_2": null, "exploit_2": null, "pension_2": null, "esp_dom_2": null, "date_deb_2": null, "date_fin_2": null, "duree_2": null, "retour_2": null, "circuit_2": null, "conduite_2": null, "parc_2": null, "fauche_2": null, "vente_2": null, "accueil_2": null, "travail_2": null, "jours_trav_2": null, "salarie_2": null, "jours_sal_2": null, "ef_ov_pat_2": null, "ef_ca_pat_2": null, "ef_vl_pat_2": null, "ef_vat_pat_2": null, "ef_gt_pat_2": null, "ef_bnl_pat_2": null, "ef_eq_pat_2": null, "ef_au_pat_2": null, "ef_ov_15j_2": null, "ef_ca_15j_2": null, "ef_vl_15j_2": null, "ef_vat_15j_2": null, "ef_gt_15j_2": null, "ef_bnl_15j_2": null, "ef_eq_15j_2": null, "ef_au_15j_2": null, "ov_com_2": null, "ov_dep_2": null, "ov_ext_2": null, "dep1_ov_2": null, "dep2_ov_2": null, "ca_com_2": null, "ca_dep_2": null, "ca_ext_2": null, "dep1_ca_2": null, "dep2_ca_2": null, "vl_com_2": null, "vl_dep_2": null, "vl_ext_2": null, "dep1_vl_2": null, "dep2_vl_2": null, "vat_com_2": null, "vat_dep_2": null, "vat_ext_2": null, "dep1_vat_2": null, "dep2_vat_2": null, "gt_com_2": null, "gt_dep_2": null, "gt_ext_2": null, "dep1_gt_2": null, "dep2_gt_2": null, "bnl_com_2": null, "bnl_dep_2": null, "bnl_ext_2": null, "dep1_bnl_2": null, "dep2_bnl_2": null, "eq_com_2": null, "eq_dep_2": null, "eq_ext_2": null, "dep1_eq_2": null, "dep2_eq_2": null, "enqueteur_2": null }, "geometry": { "type": "MultiPolygon", "coordinates": [ [ [ [ 6.821378950723295, 44.332362337992592 ], [ 6.822520860661217, 44.332648818582939 ], [ 6.823173824349789, 44.332740632810896 ], [ 6.824422218670842, 44.332916026312553 ], [ 6.824921264321902, 44.332711542037636 ], [ 6.82620637472743, 44.332186234349372 ], [ 6.826729922106625, 44.33160664640517 ], [ 6.828843535633791, 44.331410343356367 ], [ 6.830066708899902, 44.331402496863525 ], [ 6.830583602558914, 44.331104314502014 ], [ 6.830562281937365, 44.33078909824831 ], [ 6.829483100117161, 44.330018908670752 ], [ 6.829287727050547, 44.329657607645494 ], [ 6.829313211959839, 44.329634224377941 ], [ 6.829831389587998, 44.329502671502254 ], [ 6.831057860036056, 44.329459931949373 ], [ 6.835727817623519, 44.326857328002738 ], [ 6.838833531086294, 44.326800029149901 ], [ 6.840233039029917, 44.327167309536648 ], [ 6.844869204587336, 44.327264954545349 ], [ 6.847112931930333, 44.326596445204558 ], [ 6.847488924812589, 44.32680517344253 ], [ 6.847582682461777, 44.326780418321249 ], [ 6.849034408722528, 44.326594616324641 ], [ 6.850139691309222, 44.326278799010211 ], [ 6.851848201803135, 44.325596215846971 ], [ 6.853005979163116, 44.325089360321918 ], [ 6.854265886579838, 44.324325322274831 ], [ 6.855624278146458, 44.323711194148757 ], [ 6.857057947537903, 44.322822412421516 ], [ 6.858404622754164, 44.32197449873329 ], [ 6.859466222243814, 44.321416753556178 ], [ 6.860036245669565, 44.320961134441518 ], [ 6.860131089043692, 44.320722620108938 ], [ 6.860191707404413, 44.320567110652661 ], [ 6.860475384090302, 44.319609256142222 ], [ 6.861028920257273, 44.318515126074985 ], [ 6.86106437501156, 44.317405452839779 ], [ 6.860712182351666, 44.31677260719178 ], [ 6.860313380350006, 44.31610356444591 ], [ 6.859504957552305, 44.315128855161362 ], [ 6.85899048798554, 44.314726662056508 ], [ 6.85802485507358, 44.313973218675599 ], [ 6.857244290987185, 44.313448453833821 ], [ 6.857964481066888, 44.312208405871253 ], [ 6.858108539500049, 44.31206530651896 ], [ 6.85875524178337, 44.311858543334985 ], [ 6.858779409902082, 44.310770745279051 ], [ 6.859278212552549, 44.30929203278621 ], [ 6.858327167737303, 44.309044236349507 ], [ 6.85812558385301, 44.308677069199675 ], [ 6.858370400529692, 44.307755355165504 ], [ 6.858702332272485, 44.306335678027352 ], [ 6.858167970096686, 44.305807391057421 ], [ 6.858329923779695, 44.304630910971511 ], [ 6.858392670251509, 44.303816821682574 ], [ 6.858205316438188, 44.303491080067559 ], [ 6.858050680995257, 44.303227585940718 ], [ 6.857728625194379, 44.302889190814305 ], [ 6.856797039664702, 44.30248630147242 ], [ 6.855642297331191, 44.302507403482686 ], [ 6.854807125125656, 44.302181893868521 ], [ 6.853959573410323, 44.302009168374568 ], [ 6.853603194820113, 44.301835569969946 ], [ 6.853259843751735, 44.302083815107643 ], [ 6.852300922379579, 44.30261847768621 ], [ 6.851247540684814, 44.303230064089767 ], [ 6.850142853176036, 44.303589852534721 ], [ 6.848345637188446, 44.30343911041458 ], [ 6.846396923718796, 44.30325887747972 ], [ 6.844330733374839, 44.303130779323126 ], [ 6.841816135927857, 44.303781119533383 ], [ 6.838640956601593, 44.303151799102402 ], [ 6.834619234787846, 44.302551938736158 ], [ 6.830998914085066, 44.302559623488058 ], [ 6.828544957401671, 44.304572588266659 ], [ 6.828274398213802, 44.308597406098905 ], [ 6.827670132428823, 44.309095969006187 ], [ 6.826205422251602, 44.310032474089759 ], [ 6.825923355370564, 44.310579112560944 ], [ 6.825568258827374, 44.31149946352982 ], [ 6.824685242704071, 44.313122247685065 ], [ 6.823632164613055, 44.314125165857824 ], [ 6.82240137703626, 44.314837726959297 ], [ 6.819040714640175, 44.316912670776745 ], [ 6.817690980033171, 44.318566948748618 ], [ 6.815200165824834, 44.320747539687176 ], [ 6.812046383069174, 44.321439802435897 ], [ 6.812130483166499, 44.321567766131096 ], [ 6.809888788993854, 44.32173956772408 ], [ 6.808020376307668, 44.321722519882869 ], [ 6.806893726957004, 44.322146011073052 ], [ 6.806707500886899, 44.322765962909983 ], [ 6.806577551036867, 44.32367231131483 ], [ 6.806332316175027, 44.324537662135725 ], [ 6.806305637325244, 44.324988487611755 ], [ 6.806036505260791, 44.3255407568465 ], [ 6.806127427034987, 44.325897529790581 ], [ 6.806650510969897, 44.326326249544358 ], [ 6.80713298357099, 44.326892367003857 ], [ 6.807537779476098, 44.327235199851884 ], [ 6.807693282112811, 44.327598937663446 ], [ 6.807864996316064, 44.328987687644265 ], [ 6.808299886572009, 44.329735411504217 ], [ 6.808915390305797, 44.330520843892515 ], [ 6.810024408669614, 44.331061149878337 ], [ 6.811161830349899, 44.331769174944093 ], [ 6.811872495593403, 44.332210798306448 ], [ 6.812077913302626, 44.332426582261014 ], [ 6.812470939660127, 44.332635859435065 ], [ 6.813387585209431, 44.332327986370373 ], [ 6.814619850085874, 44.33205312126001 ], [ 6.816000132543523, 44.332051227260571 ], [ 6.817765228761931, 44.332157631026575 ], [ 6.819376512550916, 44.332158919381527 ], [ 6.821378950723295, 44.332362337992592 ] ] ] ] } },
{ "type": "Feature", "properties": { "ogc_fid": 462, "code": "UP0509601", "inseedep": "05", "inseecom": "05096", "nom1": "ROUANNETTE", "nom2": "ROUANNETTE", "surface": 952.58, "surf_mnt": 1120.37, "etage_alt": "HM", "prop_type1": "COM", "prop_reg": "N", "usage": "O", "motif": null, "traite": "N", "transform": "N", "phae": "N", "mae": "O", "surf_mae": 67.38, "annee_ref": "2012", "source": "CERPAM", "id_source": null, "aut_source": null, "prop_type2": "PRI", "prop_type3": "N", "faire_val1": "CPP", "faire_val2": "N", "faire_val3": "N", "dern_usage": null, "util_pasto": "GP", "origine": "05", "exploit": 4, "pension": "O", "esp_dom": "O", "date_deb": "2012-07-05", "date_fin": "2012-10-04", "duree": 91, "retour": "N", "circuit": "N", "conduite": "GAR", "parc": "N", "fauche": "O", "vente": "N", "accueil": "N", "travail": 2, "jours_trav": 93, "salarie": 1, "jours_sal": 80, "ef_ov_pat": 1200, "ef_ca_pat": 0, "ef_vl_pat": 0, "ef_vat_pat": 0, "ef_gt_pat": 0, "ef_bnl_pat": 0, "ef_eq_pat": 0, "ef_au_pat": 0, "ef_ov_15j": 1200, "ef_ca_15j": 0, "ef_vl_15j": 0, "ef_vat_15j": 0, "ef_gt_15j": 0, "ef_bnl_15j": 0, "ef_eq_15j": 0, "ef_au_15j": 0, "ov_com": 1000, "ov_dep": 200, "ov_ext": 0, "dep1_ov": "N", "dep2_ov": "N", "ca_com": 0, "ca_dep": 0, "ca_ext": 0, "dep1_ca": "N", "dep2_ca": "N", "vl_com": 0, "vl_dep": 0, "vl_ext": 0, "dep1_vl": "N", "dep2_vl": "N", "vat_com": 0, "vat_dep": 0, "vat_ext": 0, "dep1_vat": "N", "dep2_vat": "N", "gt_com": 0, "gt_dep": 0, "gt_ext": 0, "dep1_gt": "N", "dep2_gt": "N", "bnl_com": 0, "bnl_dep": 0, "bnl_ext": 0, "dep1_bnl": "N", "dep2_bnl": "N", "eq_com": 0, "eq_dep": 0, "eq_ext": 0, "dep1_eq": "N", "dep2_eq": "N", "enqueteur": "CS", "ogc_fid_2": null, "code_2": null, "inseedep_2": null, "inseecom_2": null, "nom1_2": null, "nom2_2": null, "surface_2": null, "surf_mnt_2": null, "etage_alt_2": null, "prop_type1_2": null, "prop_reg_2": null, "usage_2": null, "motif_2": null, "traite_2": null, "transform_2": null, "phae_2": null, "mae_2": null, "surf_mae_2": null, "annee_ref_2": null, "source_2": null, "id_source_2": null, "aut_source_2": null, "prop_type2_2": null, "prop_type3_2": null, "faire_val1_2": null, "faire_val2_2": null, "faire_val3_2": null, "dern_usage_2": null, "util_pasto_2": null, "origine_2": null, "exploit_2": null, "pension_2": null, "esp_dom_2": null, "date_deb_2": null, "date_fin_2": null, "duree_2": null, "retour_2": null, "circuit_2": null, "conduite_2": null, "parc_2": null, "fauche_2": null, "vente_2": null, "accueil_2": null, "travail_2": null, "jours_trav_2": null, "salarie_2": null, "jours_sal_2": null, "ef_ov_pat_2": null, "ef_ca_pat_2": null, "ef_vl_pat_2": null, "ef_vat_pat_2": null, "ef_gt_pat_2": null, "ef_bnl_pat_2": null, "ef_eq_pat_2": null, "ef_au_pat_2": null, "ef_ov_15j_2": null, "ef_ca_15j_2": null, "ef_vl_15j_2": null, "ef_vat_15j_2": null, "ef_gt_15j_2": null, "ef_bnl_15j_2": null, "ef_eq_15j_2": null, "ef_au_15j_2": null, "ov_com_2": null, "ov_dep_2": null, "ov_ext_2": null, "dep1_ov_2": null, "dep2_ov_2": null, "ca_com_2": null, "ca_dep_2": null, "ca_ext_2": null, "dep1_ca_2": null, "dep2_ca_2": null, "vl_com_2": null, "vl_dep_2": null, "vl_ext_2": null, "dep1_vl_2": null, "dep2_vl_2": null, "vat_com_2": null, "vat_dep_2": null, "vat_ext_2": null, "dep1_vat_2": null, "dep2_vat_2": null, "gt_com_2": null, "gt_dep_2": null, "gt_ext_2": null, "dep1_gt_2": null, "dep2_gt_2": null, "bnl_com_2": null, "bnl_dep_2": null, "bnl_ext_2": null, "dep1_bnl_2": null, "dep2_bnl_2": null, "eq_com_2": null, "eq_dep_2": null, "eq_ext_2": null, "dep1_eq_2": null, "dep2_eq_2": null, "enqueteur_2": null }, "geometry": { "type": "MultiPolygon", "coordinates": [ [ [ [ 6.307207816563984, 44.653850554191671 ], [ 6.308228483354632, 44.653649684592722 ], [ 6.307226386938457, 44.652684060933829 ], [ 6.308171671630442, 44.652623124944256 ], [ 6.310470175958883, 44.653301544264664 ], [ 6.310784059754113, 44.653243779632291 ], [ 6.31176359535821, 44.65293190440913 ], [ 6.313626654710501, 44.653502183397812 ], [ 6.313907295952751, 44.653749964329542 ], [ 6.316582553895074, 44.653483011681665 ], [ 6.318841593527059, 44.651914592657896 ], [ 6.319625626820425, 44.651659237614631 ], [ 6.319976731285938, 44.651352493827162 ], [ 6.319836750191016, 44.650338234149643 ], [ 6.321784633415503, 44.648787203750224 ], [ 6.324499607925296, 44.650850271100978 ], [ 6.324546010750075, 44.651238575500187 ], [ 6.326703236864999, 44.652833816909286 ], [ 6.327294120266189, 44.652829929854327 ], [ 6.32816830726467, 44.653211937573865 ], [ 6.328673132394789, 44.652709749683503 ], [ 6.329068144947152, 44.652817164908107 ], [ 6.33001232856846, 44.652700366894251 ], [ 6.331079179913347, 44.652804021069265 ], [ 6.33079055535789, 44.652140788883948 ], [ 6.331455928493175, 44.65180299346342 ], [ 6.331254289402384, 44.651610161305271 ], [ 6.33152159670473, 44.651081504437414 ], [ 6.331237199635138, 44.650639934686488 ], [ 6.331827348183722, 44.650524623636279 ], [ 6.33146066370498, 44.649861129729203 ], [ 6.33192814242129, 44.649525358385972 ], [ 6.331485186481739, 44.649028681455469 ], [ 6.331514001527017, 44.64841891925257 ], [ 6.335896499651549, 44.647594247943012 ], [ 6.335622050557435, 44.647288661988632 ], [ 6.335198629956587, 44.645772995568365 ], [ 6.334681852389829, 44.644712032172954 ], [ 6.334355640750092, 44.643507299571063 ], [ 6.334246702819727, 44.641981124252965 ], [ 6.333759548037175, 44.641323100796448 ], [ 6.332272219273898, 44.639927436546039 ], [ 6.328897127782794, 44.637528436904908 ], [ 6.327509225361185, 44.636624545342855 ], [ 6.326533943201934, 44.636209176331164 ], [ 6.324610081099674, 44.63488381141611 ], [ 6.321597547640169, 44.632236518825792 ], [ 6.319934238515819, 44.63102797804148 ], [ 6.319084816734838, 44.630607745452423 ], [ 6.317901907757795, 44.630248764280886 ], [ 6.314709623624882, 44.629468780415301 ], [ 6.311727794574769, 44.628268388572295 ], [ 6.310318758909574, 44.628078916959737 ], [ 6.306607412429775, 44.627142035362347 ], [ 6.304688649386386, 44.626955412515478 ], [ 6.303398983141132, 44.626451006009724 ], [ 6.301870422271072, 44.625836558297586 ], [ 6.298550920529397, 44.627661549151092 ], [ 6.297731845653196, 44.628194509998799 ], [ 6.297947252914766, 44.629219467244361 ], [ 6.298164755683048, 44.630355769720971 ], [ 6.297909365483743, 44.633797385996466 ], [ 6.297642348658697, 44.63435379572919 ], [ 6.297061007398916, 44.634940088060027 ], [ 6.296746164986174, 44.634942138026531 ], [ 6.29554556503842, 44.636171789731335 ], [ 6.295369747366814, 44.637365585768215 ], [ 6.295073428415252, 44.6384491985607 ], [ 6.29480268031215, 44.638728211973508 ], [ 6.29266627593757, 44.639803723595122 ], [ 6.292738557613922, 44.642487638148488 ], [ 6.292932473495972, 44.64326990656815 ], [ 6.292854972588072, 44.643789566569254 ], [ 6.292049984301038, 44.644526245898462 ], [ 6.291589441055927, 44.64471715750647 ], [ 6.290169179710744, 44.646545795946032 ], [ 6.288546103711171, 44.648122740256738 ], [ 6.287024064523769, 44.649001712390401 ], [ 6.287620444451801, 44.649650894978436 ], [ 6.287794150676289, 44.650659838966192 ], [ 6.28448307499175, 44.652795623158042 ], [ 6.284132083306415, 44.654605414161708 ], [ 6.284428550902508, 44.654936264160924 ], [ 6.284318976996923, 44.655330173610103 ], [ 6.283648261136202, 44.656150693944113 ], [ 6.282850177847794, 44.656455807742368 ], [ 6.282795852765003, 44.656977723734641 ], [ 6.283698462612884, 44.656863852229556 ], [ 6.283604962620483, 44.657486219262346 ], [ 6.283251940575401, 44.657953854908996 ], [ 6.281517752067461, 44.657918019706045 ], [ 6.281385082255921, 44.658312751933693 ], [ 6.280655975018751, 44.6589413857781 ], [ 6.280897786161683, 44.659460947369375 ], [ 6.281414918227489, 44.659702395935639 ], [ 6.28258993913344, 44.660213259033092 ], [ 6.284870195391105, 44.660879459821018 ], [ 6.286804431819084, 44.661168051276888 ], [ 6.288646322740509, 44.661110182620661 ], [ 6.29204330133702, 44.66115012851877 ], [ 6.296224299160365, 44.660992570728304 ], [ 6.2999434687732, 44.660109690804049 ], [ 6.301565646030918, 44.660379338784324 ], [ 6.302573848517998, 44.661675970339189 ], [ 6.302902843520357, 44.662423452495261 ], [ 6.304215845649785, 44.663164349828087 ], [ 6.30709318297282, 44.663172009593154 ], [ 6.309227861464757, 44.663491156633725 ], [ 6.310167524463551, 44.66312399090117 ], [ 6.310237174022356, 44.662597371716011 ], [ 6.308668310535903, 44.660776293964396 ], [ 6.308347080352664, 44.660445362696414 ], [ 6.308176081941136, 44.659725212111425 ], [ 6.307325620997728, 44.658371356057202 ], [ 6.306846436088693, 44.658014135072797 ], [ 6.306556945392371, 44.657294132088985 ], [ 6.305629216504265, 44.656052407716302 ], [ 6.305704003955584, 44.655802105763485 ], [ 6.306013781175107, 44.655522686975857 ], [ 6.305921159768221, 44.654663524315538 ], [ 6.305638980798724, 44.654332209109462 ], [ 6.305355090883658, 44.653833822891372 ], [ 6.307207816563984, 44.653850554191671 ] ] ] ] } },
{ "type": "Feature", "properties": { "ogc_fid": 532, "code": "UP0507903", "inseedep": "05", "inseecom": "05079", "nom1": "LA_PONSONNIERE", "nom2": "L'ALPE_DU_LAUZET", "surface": 1029.89, "surf_mnt": 1217.16, "etage_alt": "HM", "prop_type1": "COM", "prop_reg": "N", "usage": "O", "motif": null, "traite": "N", "transform": "N", "phae": "N", "mae": "O", "surf_mae": 70.93, "annee_ref": "2012", "source": "CERPAM", "id_source": null, "aut_source": null, "prop_type2": "PRI", "prop_type3": "N", "faire_val1": "CPP", "faire_val2": "VER", "faire_val3": "N", "dern_usage": null, "util_pasto": "GP", "origine": "05", "exploit": 2, "pension": "N", "esp_dom": "O", "date_deb": "2012-06-29", "date_fin": "2012-10-05", "duree": 98, "retour": "N", "circuit": "N", "conduite": "GAR", "parc": "N", "fauche": "N", "vente": "N", "accueil": "N", "travail": 6, "jours_trav": 196, "salarie": 0, "jours_sal": 0, "ef_ov_pat": 970, "ef_ca_pat": 0, "ef_vl_pat": 0, "ef_vat_pat": 0, "ef_gt_pat": 0, "ef_bnl_pat": 0, "ef_eq_pat": 0, "ef_au_pat": 0, "ef_ov_15j": 970, "ef_ca_15j": 0, "ef_vl_15j": 0, "ef_vat_15j": 0, "ef_gt_15j": 0, "ef_bnl_15j": 0, "ef_eq_15j": 0, "ef_au_15j": 0, "ov_com": 0, "ov_dep": 0, "ov_ext": 970, "dep1_ov": "04", "dep2_ov": "13", "ca_com": 0, "ca_dep": 0, "ca_ext": 0, "dep1_ca": "N", "dep2_ca": "N", "vl_com": 0, "vl_dep": 0, "vl_ext": 0, "dep1_vl": "N", "dep2_vl": "N", "vat_com": 0, "vat_dep": 0, "vat_ext": 0, "dep1_vat": "N", "dep2_vat": "N", "gt_com": 0, "gt_dep": 0, "gt_ext": 0, "dep1_gt": "N", "dep2_gt": "N", "bnl_com": 0, "bnl_dep": 0, "bnl_ext": 0, "dep1_bnl": "N", "dep2_bnl": "N", "eq_com": 0, "eq_dep": 0, "eq_ext": 0, "dep1_eq": "N", "dep2_eq": "N", "enqueteur": "CS", "ogc_fid_2": null, "code_2": null, "inseedep_2": null, "inseecom_2": null, "nom1_2": null, "nom2_2": null, "surface_2": null, "surf_mnt_2": null, "etage_alt_2": null, "prop_type1_2": null, "prop_reg_2": null, "usage_2": null, "motif_2": null, "traite_2": null, "transform_2": null, "phae_2": null, "mae_2": null, "surf_mae_2": null, "annee_ref_2": null, "source_2": null, "id_source_2": null, "aut_source_2": null, "prop_type2_2": null, "prop_type3_2": null, "faire_val1_2": null, "faire_val2_2": null, "faire_val3_2": null, "dern_usage_2": null, "util_pasto_2": null, "origine_2": null, "exploit_2": null, "pension_2": null, "esp_dom_2": null, "date_deb_2": null, "date_fin_2": null, "duree_2": null, "retour_2": null, "circuit_2": null, "conduite_2": null, "parc_2": null, "fauche_2": null, "vente_2": null, "accueil_2": null, "travail_2": null, "jours_trav_2": null, "salarie_2": null, "jours_sal_2": null, "ef_ov_pat_2": null, "ef_ca_pat_2": null, "ef_vl_pat_2": null, "ef_vat_pat_2": null, "ef_gt_pat_2": null, "ef_bnl_pat_2": null, "ef_eq_pat_2": null, "ef_au_pat_2": null, "ef_ov_15j_2": null, "ef_ca_15j_2": null, "ef_vl_15j_2": null, "ef_vat_15j_2": null, "ef_gt_15j_2": null, "ef_bnl_15j_2": null, "ef_eq_15j_2": null, "ef_au_15j_2": null, "ov_com_2": null, "ov_dep_2": null, "ov_ext_2": null, "dep1_ov_2": null, "dep2_ov_2": null, "ca_com_2": null, "ca_dep_2": null, "ca_ext_2": null, "dep1_ca_2": null, "dep2_ca_2": null, "vl_com_2": null, "vl_dep_2": null, "vl_ext_2": null, "dep1_vl_2": null, "dep2_vl_2": null, "vat_com_2": null, "vat_dep_2": null, "vat_ext_2": null, "dep1_vat_2": null, "dep2_vat_2": null, "gt_com_2": null, "gt_dep_2": null, "gt_ext_2": null, "dep1_gt_2": null, "dep2_gt_2": null, "bnl_com_2": null, "bnl_dep_2": null, "bnl_ext_2": null, "dep1_bnl_2": null, "dep2_bnl_2": null, "eq_com_2": null, "eq_dep_2": null, "eq_ext_2": null, "dep1_eq_2": null, "dep2_eq_2": null, "enqueteur_2": null }, "geometry": { "type": "MultiPolygon", "coordinates": [ [ [ [ 6.495057826291267, 45.023776535735045 ], [ 6.494662868615495, 45.024275630670623 ], [ 6.49385918613326, 45.023762982981573 ], [ 6.493333035352161, 45.023010811013009 ], [ 6.492526916647699, 45.022426007823867 ], [ 6.492265092078544, 45.022778444730072 ], [ 6.491288631522908, 45.022679890466826 ], [ 6.489810236667077, 45.022328743167712 ], [ 6.489146085168958, 45.022290261906093 ], [ 6.488080431598379, 45.022196488507646 ], [ 6.487446288456726, 45.022148123176329 ], [ 6.486603666446218, 45.022081558595424 ], [ 6.486042142053709, 45.022141002052138 ], [ 6.484531422015271, 45.022076863481949 ], [ 6.484531294658642, 45.0220748180109 ], [ 6.484529721764813, 45.022072823217592 ], [ 6.484333592419335, 45.021701637661756 ], [ 6.483829967226893, 45.021092609675549 ], [ 6.483397590548049, 45.020585655260533 ], [ 6.482613038631765, 45.019887254532392 ], [ 6.482486430212312, 45.019775663826948 ], [ 6.482486366741869, 45.019774643789411 ], [ 6.482484865065448, 45.019773668767847 ], [ 6.482589529235297, 45.018883816553334 ], [ 6.482847322197653, 45.018300039180183 ], [ 6.482954067000112, 45.018046166508519 ], [ 6.482962322378087, 45.018039770520289 ], [ 6.482978739885648, 45.018002447478544 ], [ 6.48358496425978, 45.017503878745586 ], [ 6.48360104032992, 45.017437927983885 ], [ 6.483646160916875, 45.01705100119689 ], [ 6.483027025817618, 45.016368899105025 ], [ 6.482187145465629, 45.015776536155357 ], [ 6.481752596086052, 45.014886176538305 ], [ 6.480994725108776, 45.01431373461088 ], [ 6.480911974305156, 45.013910359507406 ], [ 6.48107221923765, 45.013380767171093 ], [ 6.481530927375045, 45.013060660697413 ], [ 6.479533650390508, 45.012169089021938 ], [ 6.479337128179748, 45.012138421250249 ], [ 6.479363133303991, 45.012185669901903 ], [ 6.478580459088667, 45.012025057848611 ], [ 6.476972465637321, 45.011782872643352 ], [ 6.47696012996197, 45.011769966540818 ], [ 6.476919335782993, 45.01176305998758 ], [ 6.476671764467768, 45.011490612902676 ], [ 6.476415267483645, 45.011399438871102 ], [ 6.476136326268688, 45.011318169178274 ], [ 6.476046832120391, 45.011269837674448 ], [ 6.476001146412481, 45.011253880074882 ], [ 6.475958672146455, 45.011405525004214 ], [ 6.475956037528632, 45.011479230481385 ], [ 6.475937589644995, 45.011483900379922 ], [ 6.475934099427369, 45.011497301077043 ], [ 6.475698304135614, 45.011553752306916 ], [ 6.475413668510491, 45.011636268094136 ], [ 6.47522865814889, 45.011837361375143 ], [ 6.47492858857574, 45.01218213512702 ], [ 6.474702210099519, 45.012367134509233 ], [ 6.474186157035736, 45.012832160746449 ], [ 6.47413399963057, 45.013176349287846 ], [ 6.474050393821192, 45.01387328862301 ], [ 6.474047424138642, 45.014243551862954 ], [ 6.472726712855748, 45.015495508791616 ], [ 6.472278132740348, 45.01658422892222 ], [ 6.471992978979732, 45.017193376846009 ], [ 6.472090745792314, 45.017421426126809 ], [ 6.472209270419686, 45.017635535899345 ], [ 6.472111712731451, 45.017945353453868 ], [ 6.472083250559616, 45.017951351778329 ], [ 6.471326135550725, 45.018087463625491 ], [ 6.470490417128794, 45.018118645453548 ], [ 6.470008094725823, 45.018547833363641 ], [ 6.470047771123199, 45.019094688926884 ], [ 6.470081809261107, 45.019550717653836 ], [ 6.470556146179939, 45.01985292116602 ], [ 6.471477837045128, 45.020138094477083 ], [ 6.472786492550649, 45.020409139000087 ], [ 6.473370800275583, 45.020484979628385 ], [ 6.473402773117845, 45.020489091602499 ], [ 6.473397007774347, 45.021046574903458 ], [ 6.473409362568385, 45.021338643578872 ], [ 6.473003556059189, 45.022350364762836 ], [ 6.472965216598469, 45.022452795461312 ], [ 6.474899603363114, 45.025160509335059 ], [ 6.475182604392971, 45.02530607754079 ], [ 6.475593609220822, 45.025492642960387 ], [ 6.475617537564331, 45.02552973199662 ], [ 6.475666682039273, 45.025554785744504 ], [ 6.476592811283147, 45.026930869849146 ], [ 6.476596247975807, 45.027148572304846 ], [ 6.476649770233325, 45.027870881715273 ], [ 6.476538781035489, 45.028660712295803 ], [ 6.476677282028276, 45.029381389157543 ], [ 6.47627916721296, 45.029611636490657 ], [ 6.475206930980764, 45.030829272741222 ], [ 6.475226038382155, 45.030858325529131 ], [ 6.476064679181428, 45.032055138261697 ], [ 6.476123625318986, 45.03228439882416 ], [ 6.476151265729709, 45.032334663685667 ], [ 6.476173413775843, 45.032482246467154 ], [ 6.476304619465589, 45.032992501987671 ], [ 6.476304001697653, 45.033307477826966 ], [ 6.47634444340692, 45.033563899892599 ], [ 6.476268673265587, 45.034201290034879 ], [ 6.476261119794161, 45.034218911209997 ], [ 6.476256709039743, 45.034264039698485 ], [ 6.475611284918518, 45.035899873045324 ], [ 6.475553538732386, 45.03592212771504 ], [ 6.475545976856687, 45.035939743690435 ], [ 6.474248929917997, 45.036442450265859 ], [ 6.474070109015137, 45.036581987780181 ], [ 6.473659506092063, 45.036937365878927 ], [ 6.472969799948321, 45.037838306483287 ], [ 6.472712895117055, 45.038183774436774 ], [ 6.472704318697403, 45.038185064061771 ], [ 6.472674932954725, 45.038222795432517 ], [ 6.471131972081416, 45.038482599928216 ], [ 6.469781249628402, 45.038888752105791 ], [ 6.469347578392177, 45.039803159213321 ], [ 6.469339951120539, 45.039819760132133 ], [ 6.469314452103438, 45.039873727145988 ], [ 6.468345380966274, 45.040131964579182 ], [ 6.467589895068762, 45.040369220221102 ], [ 6.467628062330387, 45.040449841503602 ], [ 6.467848478107876, 45.040794738912595 ], [ 6.467190491725292, 45.041115874219749 ], [ 6.467163962070873, 45.041129992319625 ], [ 6.467162523303947, 45.041130037137911 ], [ 6.467135930420791, 45.041143135179013 ], [ 6.465287571721785, 45.041131161343806 ], [ 6.46526816479463, 45.041120517919374 ], [ 6.46525953218539, 45.041120786681809 ], [ 6.465150079524642, 45.041053637011764 ], [ 6.464486402693255, 45.040677542332645 ], [ 6.463026617538947, 45.040558333983348 ], [ 6.462658701517238, 45.040532966257523 ], [ 6.461545030014495, 45.040855973206703 ], [ 6.460605329770974, 45.04089030948316 ], [ 6.459051941229754, 45.040960069134421 ], [ 6.457847118656541, 45.041022044790672 ], [ 6.457530224640623, 45.041028823151869 ], [ 6.456441433357239, 45.041077980931526 ], [ 6.45608869940445, 45.041695313605956 ], [ 6.454761922546989, 45.042188476573948 ], [ 6.454741701322307, 45.043075672211941 ], [ 6.454224947223828, 45.043396437827234 ], [ 6.453283688247589, 45.043733432260247 ], [ 6.452090766161921, 45.044503619206736 ], [ 6.451979397140373, 45.045293423398945 ], [ 6.451464378690033, 45.04601701114369 ], [ 6.450669302343304, 45.046409785788022 ], [ 6.449285974056929, 45.046924061275462 ], [ 6.448509791116074, 45.047576988064471 ], [ 6.44810679875532, 45.049042535519547 ], [ 6.447887143210066, 45.050299936573502 ], [ 6.448101989913448, 45.051117468110228 ], [ 6.447842464913506, 45.051611227437213 ], [ 6.447824284480882, 45.052135342491766 ], [ 6.449892518243988, 45.052432234773704 ], [ 6.450193804055113, 45.052194869581719 ], [ 6.451614186951853, 45.051998473458603 ], [ 6.452862811368479, 45.052221535393322 ], [ 6.454071120407767, 45.052095088031585 ], [ 6.45558252256164, 45.052508340642802 ], [ 6.456642811949997, 45.053161566251831 ], [ 6.457671365635305, 45.05351104431724 ], [ 6.458035122849265, 45.053561105055465 ], [ 6.461000708375122, 45.053973076548317 ], [ 6.461512390006491, 45.053988867095313 ], [ 6.46218853548378, 45.054028173652597 ], [ 6.463043616521801, 45.054068047792484 ], [ 6.46457323686961, 45.054493907364794 ], [ 6.465782191855102, 45.054470597423489 ], [ 6.466608698021063, 45.05465449320549 ], [ 6.467003079358418, 45.054802756662042 ], [ 6.468816166580701, 45.055680914264741 ], [ 6.469643375062125, 45.05575943834021 ], [ 6.471129637966251, 45.055740720319207 ], [ 6.473261816697093, 45.056133362145928 ], [ 6.475018431763122, 45.056286132566818 ], [ 6.475362684651007, 45.056091318772005 ], [ 6.476544596623261, 45.056119865708744 ], [ 6.47836237121468, 45.055724611482816 ], [ 6.479408146797873, 45.055721588336738 ], [ 6.480787403439474, 45.056324750826533 ], [ 6.483253491540388, 45.05637851269784 ], [ 6.484532853305775, 45.057021565543678 ], [ 6.485602092369563, 45.056908333287971 ], [ 6.486555192755641, 45.055927482156584 ], [ 6.488016777637987, 45.055582081284619 ], [ 6.489331666844926, 45.055313861092365 ], [ 6.490258633136511, 45.054447304298634 ], [ 6.491649112352261, 45.054350528044552 ], [ 6.492575092901506, 45.054000388284045 ], [ 6.493682643114325, 45.053508537776295 ], [ 6.49683404495816, 45.052318486972119 ], [ 6.498646839437075, 45.05175534551892 ], [ 6.498763610991305, 45.05161567043735 ], [ 6.498593197180963, 45.051036101971043 ], [ 6.498380671533527, 45.050728844419886 ], [ 6.498497441610458, 45.050589169655204 ], [ 6.499427630015591, 45.050284854517571 ], [ 6.49970809503851, 45.049787237071911 ], [ 6.500191988630221, 45.047607189375562 ], [ 6.500659085182142, 45.047049503066873 ], [ 6.500741981135783, 45.046460949222663 ], [ 6.500588491989914, 45.046105822973942 ], [ 6.500311254235018, 45.045801627431835 ], [ 6.500160676368861, 45.044455515625224 ], [ 6.499874573092384, 45.044009455543446 ], [ 6.499195653054876, 45.042850511987062 ], [ 6.498454264026838, 45.042033464783906 ], [ 6.498432342049624, 45.041867472699245 ], [ 6.497793041929571, 45.04066249869669 ], [ 6.49773948507708, 45.039944277443801 ], [ 6.49816558775071, 45.038846938977223 ], [ 6.498778806850338, 45.037697699892213 ], [ 6.499257350137763, 45.037139658926193 ], [ 6.499437253654681, 45.036142088748022 ], [ 6.499162816052968, 45.035881776270053 ], [ 6.498840662797543, 45.035803961896924 ], [ 6.498629562179189, 45.03554165702753 ], [ 6.49850826459037, 45.033924664531078 ], [ 6.498121552103433, 45.032814017233818 ], [ 6.497623386029113, 45.032111817666546 ], [ 6.49742079717814, 45.031939231683587 ], [ 6.497060601093549, 45.03136767574351 ], [ 6.496593472807514, 45.031069442191786 ], [ 6.495942971768553, 45.03085979729439 ], [ 6.495473048508946, 45.030516653362803 ], [ 6.494439461963604, 45.028303514610592 ], [ 6.494253395660389, 45.027635473318561 ], [ 6.494484912865862, 45.027438002935575 ], [ 6.494673961707038, 45.027304241784577 ], [ 6.494803313566836, 45.026489268634208 ], [ 6.494818871164029, 45.024821965371807 ], [ 6.495057826291267, 45.023776535735045 ] ] ] ] } },
{ "type": "Feature", "properties": { "ogc_fid": 571, "code": "UP0500601", "inseedep": "05", "inseecom": "05006", "nom1": "GRAND CABANE", "nom2": null, "surface": 2717.57, "surf_mnt": 3316.81, "etage_alt": "HM", "prop_type1": "COM", "prop_reg": "N", "usage": "O", "motif": null, "traite": "N", "transform": "N", "phae": "N", "mae": "O", "surf_mae": 108.5, "annee_ref": "2012", "source": "CERPAM", "id_source": null, "aut_source": null, "prop_type2": "PRI", "prop_type3": "DOM", "faire_val1": "CPP", "faire_val2": "VER", "faire_val3": "N", "dern_usage": null, "util_pasto": "GP", "origine": "COM", "exploit": 6, "pension": "O", "esp_dom": "O", "date_deb": "2012-06-10", "date_fin": "2012-10-20", "duree": 132, "retour": "N", "circuit": "N", "conduite": "GAR", "parc": "N", "fauche": "N", "vente": "N", "accueil": "N", "travail": 5, "jours_trav": 138, "salarie": 1, "jours_sal": 130, "ef_ov_pat": 2030, "ef_ca_pat": 0, "ef_vl_pat": 0, "ef_vat_pat": 0, "ef_gt_pat": 0, "ef_bnl_pat": 0, "ef_eq_pat": 0, "ef_au_pat": 0, "ef_ov_15j": 2030, "ef_ca_15j": 0, "ef_vl_15j": 0, "ef_vat_15j": 0, "ef_gt_15j": 0, "ef_bnl_15j": 0, "ef_eq_15j": 0, "ef_au_15j": 0, "ov_com": 1000, "ov_dep": 900, "ov_ext": 130, "dep1_ov": "04", "dep2_ov": "N", "ca_com": 0, "ca_dep": 0, "ca_ext": 0, "dep1_ca": "N", "dep2_ca": "N", "vl_com": 0, "vl_dep": 0, "vl_ext": 0, "dep1_vl": "N", "dep2_vl": "N", "vat_com": 0, "vat_dep": 0, "vat_ext": 0, "dep1_vat": "N", "dep2_vat": "N", "gt_com": 0, "gt_dep": 0, "gt_ext": 0, "dep1_gt": "N", "dep2_gt": "N", "bnl_com": 0, "bnl_dep": 0, "bnl_ext": 0, "dep1_bnl": "N", "dep2_bnl": "N", "eq_com": 0, "eq_dep": 0, "eq_ext": 0, "dep1_eq": "N", "dep2_eq": "N", "enqueteur": "SV", "ogc_fid_2": null, "code_2": null, "inseedep_2": null, "inseecom_2": null, "nom1_2": null, "nom2_2": null, "surface_2": null, "surf_mnt_2": null, "etage_alt_2": null, "prop_type1_2": null, "prop_reg_2": null, "usage_2": null, "motif_2": null, "traite_2": null, "transform_2": null, "phae_2": null, "mae_2": null, "surf_mae_2": null, "annee_ref_2": null, "source_2": null, "id_source_2": null, "aut_source_2": null, "prop_type2_2": null, "prop_type3_2": null, "faire_val1_2": null, "faire_val2_2": null, "faire_val3_2": null, "dern_usage_2": null, "util_pasto_2": null, "origine_2": null, "exploit_2": null, "pension_2": null, "esp_dom_2": null, "date_deb_2": null, "date_fin_2": null, "duree_2": null, "retour_2": null, "circuit_2": null, "conduite_2": null, "parc_2": null, "fauche_2": null, "vente_2": null, "accueil_2": null, "travail_2": null, "jours_trav_2": null, "salarie_2": null, "jours_sal_2": null, "ef_ov_pat_2": null, "ef_ca_pat_2": null, "ef_vl_pat_2": null, "ef_vat_pat_2": null, "ef_gt_pat_2": null, "ef_bnl_pat_2": null, "ef_eq_pat_2": null, "ef_au_pat_2": null, "ef_ov_15j_2": null, "ef_ca_15j_2": null, "ef_vl_15j_2": null, "ef_vat_15j_2": null, "ef_gt_15j_2": null, "ef_bnl_15j_2": null, "ef_eq_15j_2": null, "ef_au_15j_2": null, "ov_com_2": null, "ov_dep_2": null, "ov_ext_2": null, "dep1_ov_2": null, "dep2_ov_2": null, "ca_com_2": null, "ca_dep_2": null, "ca_ext_2": null, "dep1_ca_2": null, "dep2_ca_2": null, "vl_com_2": null, "vl_dep_2": null, "vl_ext_2": null, "dep1_vl_2": null, "dep2_vl_2": null, "vat_com_2": null, "vat_dep_2": null, "vat_ext_2": null, "dep1_vat_2": null, "dep2_vat_2": null, "gt_com_2": null, "gt_dep_2": null, "gt_ext_2": null, "dep1_gt_2": null, "dep2_gt_2": null, "bnl_com_2": null, "bnl_dep_2": null, "bnl_ext_2": null, "dep1_bnl_2": null, "dep2_bnl_2": null, "eq_com_2": null, "eq_dep_2": null, "eq_ext_2": null, "dep1_eq_2": null, "dep2_eq_2": null, "enqueteur_2": null }, "geometry": { "type": "MultiPolygon", "coordinates": [ [ [ [ 6.402878007889017, 44.799767565512454 ], [ 6.403786476138582, 44.799876681968897 ], [ 6.404819424367127, 44.799338141379451 ], [ 6.405408471573527, 44.798880919941723 ], [ 6.405751974013083, 44.798210010300437 ], [ 6.406174630690202, 44.797625465061451 ], [ 6.407469068531923, 44.796427222369246 ], [ 6.409170998122426, 44.795698009538121 ], [ 6.409927252973293, 44.795429355084821 ], [ 6.413119124098104, 44.794998801563075 ], [ 6.414548265800947, 44.794862752832337 ], [ 6.414944562006175, 44.794744209028885 ], [ 6.415390262452226, 44.794682417483131 ], [ 6.417009550449473, 44.794910615882138 ], [ 6.418922884128109, 44.794708463177784 ], [ 6.421733746308509, 44.794790417123323 ], [ 6.423361985410163, 44.794481452643154 ], [ 6.423999394226801, 44.794125365829693 ], [ 6.425116744567962, 44.794293287455737 ], [ 6.425905195003324, 44.794601220015707 ], [ 6.427798214491482, 44.794702192149742 ], [ 6.428758425788511, 44.795212356475027 ], [ 6.432532883659388, 44.795787739871372 ], [ 6.434354989349774, 44.7961136970223 ], [ 6.436255128581593, 44.797010815383722 ], [ 6.439086345869264, 44.798032392058992 ], [ 6.442365837200627, 44.798587018709696 ], [ 6.443001966001135, 44.798422063753485 ], [ 6.444513586684699, 44.798108229810119 ], [ 6.445360477144175, 44.798242436349589 ], [ 6.446483857820186, 44.798482555175582 ], [ 6.447923608762812, 44.79919748370358 ], [ 6.450330806713326, 44.800277988086997 ], [ 6.450813471615323, 44.800396905712105 ], [ 6.451643382168093, 44.798781090806507 ], [ 6.452022357585277, 44.796464597446167 ], [ 6.455993235100246, 44.796561700946469 ], [ 6.457468122469886, 44.795792798378677 ], [ 6.458440420855594, 44.794581476964083 ], [ 6.46037603356335, 44.793670341893147 ], [ 6.462968237664577, 44.79285930988263 ], [ 6.465266755869245, 44.792060470222651 ], [ 6.467586154827633, 44.791554377042615 ], [ 6.4689499626986, 44.790874681786271 ], [ 6.470991331885269, 44.790587852405508 ], [ 6.472646957219416, 44.790262976623247 ], [ 6.47231779193342, 44.789792717004154 ], [ 6.471488739028825, 44.789342205686729 ], [ 6.471344758053649, 44.789010317667817 ], [ 6.470853998639679, 44.788736322949731 ], [ 6.469607358001896, 44.788614831278394 ], [ 6.469215836910656, 44.788482914172839 ], [ 6.468582390507766, 44.787897428850144 ], [ 6.467723639196627, 44.787779108987081 ], [ 6.467198707474459, 44.787509239720833 ], [ 6.46658727888931, 44.787606080185334 ], [ 6.466385467246457, 44.787220773424401 ], [ 6.466459855464957, 44.785819678604369 ], [ 6.466004863459137, 44.784471945462919 ], [ 6.464946651937972, 44.783283163846633 ], [ 6.463660928603183, 44.782688398160396 ], [ 6.460259236013404, 44.782143358130774 ], [ 6.458142288544734, 44.781384298989892 ], [ 6.456327225194337, 44.781704733634996 ], [ 6.455346186261467, 44.782187275670431 ], [ 6.453529989259838, 44.781321613292512 ], [ 6.452321285550475, 44.780996300779194 ], [ 6.450884205532547, 44.78013105846648 ], [ 6.448993367631286, 44.77942716425224 ], [ 6.445666798243328, 44.775863032575977 ], [ 6.444380091790969, 44.774027821586301 ], [ 6.442717784412714, 44.773323878725328 ], [ 6.441583966160596, 44.772459328764448 ], [ 6.439616713560783, 44.773479507939825 ], [ 6.439768207135826, 44.770677313246011 ], [ 6.439390508942245, 44.768304635369986 ], [ 6.440069023415465, 44.767336754659198 ], [ 6.440372947841599, 44.765665798533341 ], [ 6.439842036191276, 44.764424645169072 ], [ 6.440674305712951, 44.763671822273494 ], [ 6.439918077054057, 44.762430510565494 ], [ 6.439841244017593, 44.761784654687808 ], [ 6.4382534198968, 44.761188774136826 ], [ 6.437346053956071, 44.760971541992348 ], [ 6.435910990384831, 44.761183754640228 ], [ 6.434549774319615, 44.761289369134772 ], [ 6.433792257032063, 44.760964194158745 ], [ 6.43235724251466, 44.761177380773951 ], [ 6.4291818711851, 44.762033378560709 ], [ 6.42827496173913, 44.761870252360914 ], [ 6.426988949734629, 44.761868129081051 ], [ 6.426233165376642, 44.762135876785464 ], [ 6.424796004352967, 44.762079100074679 ], [ 6.421091482229007, 44.762071910161566 ], [ 6.418748198247243, 44.762713771291416 ], [ 6.417613697517947, 44.762442042598437 ], [ 6.414514535250508, 44.762383235028778 ], [ 6.412699958987715, 44.760600782474718 ], [ 6.41096020681319, 44.759411071142104 ], [ 6.409296860151342, 44.758438810700149 ], [ 6.407028353055082, 44.758703901700081 ], [ 6.405593294860645, 44.758916741599606 ], [ 6.403777122579248, 44.758428629760481 ], [ 6.401887339904309, 44.75847850987067 ], [ 6.40007446670126, 44.758637442638189 ], [ 6.398257977130243, 44.75890279279789 ], [ 6.395462095692087, 44.7586818051196 ], [ 6.394554602770999, 44.75841107309413 ], [ 6.392513461728629, 44.757759943964984 ], [ 6.391151510490115, 44.757757690036136 ], [ 6.388430409712466, 44.757752018967579 ], [ 6.386464429496499, 44.757155740059915 ], [ 6.384346895842545, 44.757259319150229 ], [ 6.382004167009749, 44.757794043215469 ], [ 6.379886541196346, 44.757681808105175 ], [ 6.377769081152938, 44.758002010780302 ], [ 6.376636690425508, 44.75778399985257 ], [ 6.375804215904898, 44.757135594883948 ], [ 6.375275647510088, 44.756864399213391 ], [ 6.373913432554594, 44.757454951175426 ], [ 6.371040009113973, 44.758043436227489 ], [ 6.370283676788038, 44.758041917712319 ], [ 6.369604096693868, 44.757501276118447 ], [ 6.367411172869492, 44.757927865959815 ], [ 6.363479625804756, 44.75802892982427 ], [ 6.360834248822091, 44.757969160615232 ], [ 6.359019817041923, 44.758343194474179 ], [ 6.358340191524406, 44.758881151718988 ], [ 6.358339711290728, 44.759689904583233 ], [ 6.357206292373286, 44.761520665910581 ], [ 6.355391641345313, 44.763672639568171 ], [ 6.355164883794287, 44.765235640271911 ], [ 6.35433456845832, 44.768036666504862 ], [ 6.35373074281564, 44.769005808949153 ], [ 6.35319952176285, 44.770783527706541 ], [ 6.353578646386511, 44.771484681026976 ], [ 6.353275949253444, 44.772185003003109 ], [ 6.353126080431123, 44.772993164175773 ], [ 6.354757127851508, 44.773815439665611 ], [ 6.356718290530021, 44.774763606399908 ], [ 6.361415320486861, 44.774145768276519 ], [ 6.367460720322589, 44.776533604037716 ], [ 6.371448293612961, 44.779283338954755 ], [ 6.373252322258539, 44.780208949433607 ], [ 6.374127399475981, 44.781800829131228 ], [ 6.377972779810936, 44.785302093512449 ], [ 6.379362277208023, 44.786085859142304 ], [ 6.380024937343673, 44.786528814528644 ], [ 6.381244871377936, 44.788335072266882 ], [ 6.382394836486619, 44.790790661781656 ], [ 6.383120149346492, 44.791509796792113 ], [ 6.386828424126431, 44.793096866570941 ], [ 6.389573598355863, 44.793782846671355 ], [ 6.391541963772437, 44.794277817366932 ], [ 6.392470492637118, 44.794602149467259 ], [ 6.394036169351638, 44.795180974486208 ], [ 6.395448762907916, 44.796647875773381 ], [ 6.397692759218604, 44.798041221190772 ], [ 6.399324795983115, 44.798575006118426 ], [ 6.402878007889017, 44.799767565512454 ] ] ] ] } },
{ "type": "Feature", "properties": { "ogc_fid": 572, "code": "UP0500602", "inseedep": "05", "inseecom": "05006", "nom1": "LES LAUZES", "nom2": "CROUZET LES LAUZES", "surface": 739.86, "surf_mnt": 836.35, "etage_alt": "HM", "prop_type1": "COM", "prop_reg": "N", "usage": "O", "motif": null, "traite": "N", "transform": "N", "phae": "N", "mae": "O", "surf_mae": 158.2, "annee_ref": "2012", "source": "CERPAM", "id_source": null, "aut_source": null, "prop_type2": "PRI", "prop_type3": "N", "faire_val1": "CPP", "faire_val2": "VER", "faire_val3": "N", "dern_usage": null, "util_pasto": "GP", "origine": "COM", "exploit": 2, "pension": "N", "esp_dom": "O", "date_deb": "2012-06-15", "date_fin": "2012-10-15", "duree": 122, "retour": "N", "circuit": "N", "conduite": "GAR", "parc": "N", "fauche": "O", "vente": "N", "accueil": "N", "travail": 2, "jours_trav": 120, "salarie": 2, "jours_sal": 120, "ef_ov_pat": 900, "ef_ca_pat": 0, "ef_vl_pat": 0, "ef_vat_pat": 0, "ef_gt_pat": 0, "ef_bnl_pat": 0, "ef_eq_pat": 0, "ef_au_pat": 0, "ef_ov_15j": 900, "ef_ca_15j": 0, "ef_vl_15j": 0, "ef_vat_15j": 0, "ef_gt_15j": 0, "ef_bnl_15j": 0, "ef_eq_15j": 0, "ef_au_15j": 0, "ov_com": 50, "ov_dep": 850, "ov_ext": 0, "dep1_ov": "N", "dep2_ov": "N", "ca_com": 0, "ca_dep": 0, "ca_ext": 0, "dep1_ca": "N", "dep2_ca": "N", "vl_com": 0, "vl_dep": 0, "vl_ext": 0, "dep1_vl": "N", "dep2_vl": "N", "vat_com": 0, "vat_dep": 0, "vat_ext": 0, "dep1_vat": "N", "dep2_vat": "N", "gt_com": 0, "gt_dep": 0, "gt_ext": 0, "dep1_gt": "N", "dep2_gt": "N", "bnl_com": 0, "bnl_dep": 0, "bnl_ext": 0, "dep1_bnl": "N", "dep2_bnl": "N", "eq_com": 0, "eq_dep": 0, "eq_ext": 0, "dep1_eq": "N", "dep2_eq": "N", "enqueteur": "SV", "ogc_fid_2": null, "code_2": null, "inseedep_2": null, "inseecom_2": null, "nom1_2": null, "nom2_2": null, "surface_2": null, "surf_mnt_2": null, "etage_alt_2": null, "prop_type1_2": null, "prop_reg_2": null, "usage_2": null, "motif_2": null, "traite_2": null, "transform_2": null, "phae_2": null, "mae_2": null, "surf_mae_2": null, "annee_ref_2": null, "source_2": null, "id_source_2": null, "aut_source_2": null, "prop_type2_2": null, "prop_type3_2": null, "faire_val1_2": null, "faire_val2_2": null, "faire_val3_2": null, "dern_usage_2": null, "util_pasto_2": null, "origine_2": null, "exploit_2": null, "pension_2": null, "esp_dom_2": null, "date_deb_2": null, "date_fin_2": null, "duree_2": null, "retour_2": null, "circuit_2": null, "conduite_2": null, "parc_2": null, "fauche_2": null, "vente_2": null, "accueil_2": null, "travail_2": null, "jours_trav_2": null, "salarie_2": null, "jours_sal_2": null, "ef_ov_pat_2": null, "ef_ca_pat_2": null, "ef_vl_pat_2": null, "ef_vat_pat_2": null, "ef_gt_pat_2": null, "ef_bnl_pat_2": null, "ef_eq_pat_2": null, "ef_au_pat_2": null, "ef_ov_15j_2": null, "ef_ca_15j_2": null, "ef_vl_15j_2": null, "ef_vat_15j_2": null, "ef_gt_15j_2": null, "ef_bnl_15j_2": null, "ef_eq_15j_2": null, "ef_au_15j_2": null, "ov_com_2": null, "ov_dep_2": null, "ov_ext_2": null, "dep1_ov_2": null, "dep2_ov_2": null, "ca_com_2": null, "ca_dep_2": null, "ca_ext_2": null, "dep1_ca_2": null, "dep2_ca_2": null, "vl_com_2": null, "vl_dep_2": null, "vl_ext_2": null, "dep1_vl_2": null, "dep2_vl_2": null, "vat_com_2": null, "vat_dep_2": null, "vat_ext_2": null, "dep1_vat_2": null, "dep2_vat_2": null, "gt_com_2": null, "gt_dep_2": null, "gt_ext_2": null, "dep1_gt_2": null, "dep2_gt_2": null, "bnl_com_2": null, "bnl_dep_2": null, "bnl_ext_2": null, "dep1_bnl_2": null, "dep2_bnl_2": null, "eq_com_2": null, "eq_dep_2": null, "eq_ext_2": null, "dep1_eq_2": null, "dep2_eq_2": null, "enqueteur_2": null }, "geometry": { "type": "MultiPolygon", "coordinates": [ [ [ [ 6.491683740530481, 44.789378471256789 ], [ 6.493850297252422, 44.789190553789034 ], [ 6.49640546358673, 44.788948399792567 ], [ 6.497951767071196, 44.788923120328903 ], [ 6.498494842569937, 44.788651367124366 ], [ 6.498921071483049, 44.788624618639737 ], [ 6.501048530531817, 44.788109559769552 ], [ 6.502521444706267, 44.78762128733365 ], [ 6.50430221740502, 44.787050661750953 ], [ 6.506043072956829, 44.786807449216127 ], [ 6.506972807117606, 44.786428326443129 ], [ 6.508293744702881, 44.785094049835529 ], [ 6.508565207788616, 44.784957638441497 ], [ 6.508292449652919, 44.785694308833442 ], [ 6.508908612734633, 44.786157425618853 ], [ 6.51068586765237, 44.78670441561632 ], [ 6.511732231339115, 44.78621623993044 ], [ 6.512625206059301, 44.7851807512017 ], [ 6.513629928269371, 44.785428044372495 ], [ 6.51463562161247, 44.78548408701505 ], [ 6.517615617903392, 44.785105258851345 ], [ 6.518620399237956, 44.785215485742675 ], [ 6.519162456349819, 44.785135898451699 ], [ 6.519628864144844, 44.784536202847661 ], [ 6.520171693866107, 44.784400344959565 ], [ 6.520599393931529, 44.783801869228839 ], [ 6.520331081828714, 44.782956588533928 ], [ 6.520834453121602, 44.782466145295018 ], [ 6.521920611907026, 44.781951038764994 ], [ 6.522927066545287, 44.781516163132615 ], [ 6.523740253805655, 44.781571082804028 ], [ 6.524360192835754, 44.781108612451163 ], [ 6.524865536419997, 44.780673300422713 ], [ 6.52587294131214, 44.780048182157813 ], [ 6.526842410269608, 44.779368020779103 ], [ 6.52684081290533, 44.779640062658558 ], [ 6.525942828177614, 44.78214622788829 ], [ 6.5259021706558, 44.78252790164148 ], [ 6.526481651842637, 44.78304526079949 ], [ 6.527371061194756, 44.783101821994045 ], [ 6.529692471854966, 44.782641375818692 ], [ 6.531164767174434, 44.781989128196706 ], [ 6.532831276776161, 44.781092411501433 ], [ 6.534226585894567, 44.780221709620747 ], [ 6.534618400894703, 44.779078291221943 ], [ 6.535199354854614, 44.778887970962195 ], [ 6.535703754786397, 44.778370835123305 ], [ 6.535473339682509, 44.777880214455649 ], [ 6.535476494706042, 44.777063109874149 ], [ 6.536058676054235, 44.776573143494403 ], [ 6.53544393003085, 44.775564096745498 ], [ 6.534940982944732, 44.775236577934074 ], [ 6.534130146449818, 44.77512644894226 ], [ 6.534633627880405, 44.774663538979269 ], [ 6.535023847282021, 44.773929183055628 ], [ 6.534716791512115, 44.773246729716291 ], [ 6.534795061712404, 44.772756484708879 ], [ 6.535533730069642, 44.771993623381888 ], [ 6.535845835834137, 44.77134151472611 ], [ 6.53577017506464, 44.770686447670684 ], [ 6.53631354252459, 44.770196690347724 ], [ 6.537551388616159, 44.76995368528236 ], [ 6.538171818777415, 44.769844909426602 ], [ 6.539068050702039, 44.768074911542271 ], [ 6.538836412324268, 44.767883940470114 ], [ 6.536859445255662, 44.768971659108459 ], [ 6.535387793779985, 44.769650559431881 ], [ 6.53488263066055, 44.770085917759403 ], [ 6.533799943197246, 44.770331102211081 ], [ 6.532210424358778, 44.771145623255812 ], [ 6.530504853252633, 44.772124355265113 ], [ 6.529961790123569, 44.772505683902033 ], [ 6.527753999891198, 44.773374605799077 ], [ 6.52674912632139, 44.77309984188954 ], [ 6.525047257022444, 44.772880996734813 ], [ 6.523889097029549, 44.772633579339605 ], [ 6.523116939641224, 44.772223569585137 ], [ 6.521453673488669, 44.772276454380361 ], [ 6.521527348009119, 44.773039977599929 ], [ 6.521293819829567, 44.773666027008396 ], [ 6.520593292749748, 44.774536985047568 ], [ 6.520052383791166, 44.774564398459511 ], [ 6.519125123833583, 44.774153151657778 ], [ 6.518779443410213, 44.773744898391548 ], [ 6.518162656354978, 44.772927042945312 ], [ 6.518438064206498, 44.771891690312955 ], [ 6.518245883208846, 44.771481626738172 ], [ 6.518477988905334, 44.771291225631003 ], [ 6.513492385032108, 44.770413654211232 ], [ 6.512371641774004, 44.769867385372208 ], [ 6.511211596556964, 44.76970272683036 ], [ 6.508505154094023, 44.769645329868418 ], [ 6.507883843931418, 44.769970734740056 ], [ 6.506838439543079, 44.770378076900734 ], [ 6.506297019841134, 44.770649818302324 ], [ 6.505365332236233, 44.771384839487318 ], [ 6.505054503496124, 44.771901836456998 ], [ 6.504818727770727, 44.772609716309745 ], [ 6.504083192890487, 44.772853851831186 ], [ 6.502536472315184, 44.772934462050131 ], [ 6.501529865099072, 44.77320555092755 ], [ 6.500641124257474, 44.773041402371987 ], [ 6.498592644355305, 44.772302425357267 ], [ 6.498012578726191, 44.772138737960148 ], [ 6.496044295786278, 44.771372640723577 ], [ 6.494962230493538, 44.770799414752418 ], [ 6.492488750908941, 44.770032838690504 ], [ 6.490636807104762, 44.769404087403949 ], [ 6.489593744312394, 44.768694615808855 ], [ 6.486308083350708, 44.768553697475028 ], [ 6.484372593066305, 44.768497006775696 ], [ 6.482206040194397, 44.768602968272667 ], [ 6.480234397699191, 44.768518711217574 ], [ 6.47810697370519, 44.768352402380636 ], [ 6.476560949575184, 44.768187229877206 ], [ 6.475902356911946, 44.768376609752508 ], [ 6.474393565049318, 44.768674453691816 ], [ 6.472883060581735, 44.768782146911249 ], [ 6.469945720988888, 44.768423279020034 ], [ 6.468399040348546, 44.768177243111438 ], [ 6.468357561960342, 44.768830888696904 ], [ 6.468897468330418, 44.769485757637582 ], [ 6.469242480880963, 44.770494376247839 ], [ 6.469855123963399, 44.771885203384727 ], [ 6.470201061785639, 44.772838574721689 ], [ 6.470894284169063, 44.773766753079116 ], [ 6.471392383449971, 44.774556873077088 ], [ 6.471971011622169, 44.774884340321769 ], [ 6.473866122389889, 44.775213480943755 ], [ 6.475180326322973, 44.775434022221447 ], [ 6.477036047835537, 44.77584512227002 ], [ 6.479509425098146, 44.776447429547304 ], [ 6.480627796079865, 44.776912301494832 ], [ 6.481245616525832, 44.777430725903329 ], [ 6.481321066831535, 44.778138992184218 ], [ 6.481966677612811, 44.781191317701726 ], [ 6.483472982198368, 44.781983444497214 ], [ 6.484128750816347, 44.782556902958461 ], [ 6.483737870240814, 44.783292101719901 ], [ 6.483504554592916, 44.783836253122011 ], [ 6.484819310667789, 44.784246856624392 ], [ 6.485937794497307, 44.785011273161757 ], [ 6.486515384552932, 44.785665907679984 ], [ 6.487288130383239, 44.785693737124795 ], [ 6.488642510308479, 44.785423083627087 ], [ 6.489571376707821, 44.78556050539548 ], [ 6.489878060673323, 44.786106070888096 ], [ 6.49037776076858, 44.787170100398455 ], [ 6.490567622129586, 44.788123227979909 ], [ 6.490795933922192, 44.789186608040978 ], [ 6.491683740530481, 44.789378471256789 ] ] ] ] } },
{ "type": "Feature", "properties": { "ogc_fid": 664, "code": "UP3816305", "inseedep": "38", "inseecom": "38163", "nom1": "COMBE MADAME", "nom2": "LA MARMOTTANE", "surface": 553.71, "surf_mnt": 664.17, "etage_alt": "HM", "prop_type1": "PRI", "prop_reg": "N", "usage": "O", "motif": null, "traite": "N", "transform": "N", "phae": "O", "mae": "N", "surf_mae": null, "annee_ref": "2012", "source": "FAI", "id_source": null, "aut_source": null, "prop_type2": "N", "prop_type3": "N", "faire_val1": "CPP", "faire_val2": "N", "faire_val3": "N", "dern_usage": null, "util_pasto": "GP", "origine": "38", "exploit": 3, "pension": "N", "esp_dom": "O", "date_deb": "2012-06-20", "date_fin": "2012-10-08", "duree": 110, "retour": "N", "circuit": "O", "conduite": "GAR", "parc": "N", "fauche": "N", "vente": "N", "accueil": "O", "travail": 5, "jours_trav": 350, "salarie": 3, "jours_sal": 230, "ef_ov_pat": 1000, "ef_ca_pat": 0, "ef_vl_pat": 0, "ef_vat_pat": 0, "ef_gt_pat": 0, "ef_bnl_pat": 0, "ef_eq_pat": 0, "ef_au_pat": 0, "ef_ov_15j": 1000, "ef_ca_15j": 0, "ef_vl_15j": 0, "ef_vat_15j": 0, "ef_gt_15j": 0, "ef_bnl_15j": 0, "ef_eq_15j": 0, "ef_au_15j": 0, "ov_com": 0, "ov_dep": 1000, "ov_ext": 0, "dep1_ov": "N", "dep2_ov": "N", "ca_com": 0, "ca_dep": 0, "ca_ext": 0, "dep1_ca": "N", "dep2_ca": "N", "vl_com": 0, "vl_dep": 0, "vl_ext": 0, "dep1_vl": "N", "dep2_vl": "N", "vat_com": 0, "vat_dep": 0, "vat_ext": 0, "dep1_vat": "N", "dep2_vat": "N", "gt_com": 0, "gt_dep": 0, "gt_ext": 0, "dep1_gt": "N", "dep2_gt": "N", "bnl_com": 0, "bnl_dep": 0, "bnl_ext": 0, "dep1_bnl": "N", "dep2_bnl": "N", "eq_com": 0, "eq_dep": 0, "eq_ext": 0, "dep1_eq": "N", "dep2_eq": "N", "enqueteur": "CMR", "ogc_fid_2": null, "code_2": null, "inseedep_2": null, "inseecom_2": null, "nom1_2": null, "nom2_2": null, "surface_2": null, "surf_mnt_2": null, "etage_alt_2": null, "prop_type1_2": null, "prop_reg_2": null, "usage_2": null, "motif_2": null, "traite_2": null, "transform_2": null, "phae_2": null, "mae_2": null, "surf_mae_2": null, "annee_ref_2": null, "source_2": null, "id_source_2": null, "aut_source_2": null, "prop_type2_2": null, "prop_type3_2": null, "faire_val1_2": null, "faire_val2_2": null, "faire_val3_2": null, "dern_usage_2": null, "util_pasto_2": null, "origine_2": null, "exploit_2": null, "pension_2": null, "esp_dom_2": null, "date_deb_2": null, "date_fin_2": null, "duree_2": null, "retour_2": null, "circuit_2": null, "conduite_2": null, "parc_2": null, "fauche_2": null, "vente_2": null, "accueil_2": null, "travail_2": null, "jours_trav_2": null, "salarie_2": null, "jours_sal_2": null, "ef_ov_pat_2": null, "ef_ca_pat_2": null, "ef_vl_pat_2": null, "ef_vat_pat_2": null, "ef_gt_pat_2": null, "ef_bnl_pat_2": null, "ef_eq_pat_2": null, "ef_au_pat_2": null, "ef_ov_15j_2": null, "ef_ca_15j_2": null, "ef_vl_15j_2": null, "ef_vat_15j_2": null, "ef_gt_15j_2": null, "ef_bnl_15j_2": null, "ef_eq_15j_2": null, "ef_au_15j_2": null, "ov_com_2": null, "ov_dep_2": null, "ov_ext_2": null, "dep1_ov_2": null, "dep2_ov_2": null, "ca_com_2": null, "ca_dep_2": null, "ca_ext_2": null, "dep1_ca_2": null, "dep2_ca_2": null, "vl_com_2": null, "vl_dep_2": null, "vl_ext_2": null, "dep1_vl_2": null, "dep2_vl_2": null, "vat_com_2": null, "vat_dep_2": null, "vat_ext_2": null, "dep1_vat_2": null, "dep2_vat_2": null, "gt_com_2": null, "gt_dep_2": null, "gt_ext_2": null, "dep1_gt_2": null, "dep2_gt_2": null, "bnl_com_2": null, "bnl_dep_2": null, "bnl_ext_2": null, "dep1_bnl_2": null, "dep2_bnl_2": null, "eq_com_2": null, "eq_dep_2": null, "eq_ext_2": null, "dep1_eq_2": null, "dep2_eq_2": null, "enqueteur_2": null }, "geometry": { "type": "MultiPolygon", "coordinates": [ [ [ [ 6.094069190914642, 45.274809100096519 ], [ 6.094188051445012, 45.274705057813982 ], [ 6.094490715712428, 45.274616229449897 ], [ 6.094582476929848, 45.274566005121628 ], [ 6.094421962663437, 45.274351098694339 ], [ 6.094329691189293, 45.274032943461528 ], [ 6.094241745901822, 45.273901532980183 ], [ 6.094464279560327, 45.273653732157854 ], [ 6.094808577392463, 45.273529756115856 ], [ 6.095513567677433, 45.273576993440891 ], [ 6.095655961900301, 45.273564657723753 ], [ 6.095531019178303, 45.27340484478335 ], [ 6.095427093672678, 45.273236058413694 ], [ 6.095340358284964, 45.273133554021754 ], [ 6.095089145091876, 45.27298791927722 ], [ 6.095220038943734, 45.272669576628331 ], [ 6.095441896988934, 45.272529915722863 ], [ 6.096000373939161, 45.272371394312415 ], [ 6.096647959871204, 45.272115031560645 ], [ 6.097166246226108, 45.272205577798275 ], [ 6.098093878323124, 45.272370608680376 ], [ 6.098666643637862, 45.272469174693036 ], [ 6.098886126830072, 45.272529848026871 ], [ 6.099318738158488, 45.272536927394881 ], [ 6.099995687830059, 45.272565839563676 ], [ 6.100344734701461, 45.272527547582285 ], [ 6.10071039736006, 45.272059630519699 ], [ 6.101564426536947, 45.271387422439084 ], [ 6.102385697889659, 45.271097594885887 ], [ 6.103843356540462, 45.270351390333701 ], [ 6.104268831686145, 45.270473090766501 ], [ 6.104672335691899, 45.270442809906591 ], [ 6.105502286184085, 45.27006688500277 ], [ 6.10653482054545, 45.269933284379697 ], [ 6.107123928545133, 45.269840612961978 ], [ 6.107585294082901, 45.269637046619607 ], [ 6.107519141073329, 45.269419535446922 ], [ 6.107431327458484, 45.26929799581103 ], [ 6.107577750738395, 45.269017352523662 ], [ 6.108143594308228, 45.268992080737938 ], [ 6.108897697544057, 45.268952033840819 ], [ 6.109608687856354, 45.268865495277019 ], [ 6.110361525938721, 45.269044824380764 ], [ 6.110887248975057, 45.269268617847217 ], [ 6.111321962995029, 45.269313739214148 ], [ 6.111469524722748, 45.270263331158041 ], [ 6.111736380191212, 45.27044664202473 ], [ 6.112202861446325, 45.270576709619242 ], [ 6.112465467421579, 45.270683840976353 ], [ 6.112466341858426, 45.270941315345183 ], [ 6.112560551258913, 45.271177117224084 ], [ 6.11279334062171, 45.271475819286344 ], [ 6.113470631479619, 45.27175260240913 ], [ 6.113758968226422, 45.272078365482734 ], [ 6.11336024535718, 45.272194379640418 ], [ 6.113121756353149, 45.272277318603578 ], [ 6.112323088882453, 45.272003913025578 ], [ 6.11107408448663, 45.271647667157687 ], [ 6.110656223862883, 45.271420872004867 ], [ 6.110006986721106, 45.271162366027269 ], [ 6.109275247279084, 45.270877540649536 ], [ 6.108497010012316, 45.270727520880463 ], [ 6.107807864395423, 45.270479649253282 ], [ 6.107363905534357, 45.270511067080072 ], [ 6.10718498472301, 45.270935668828962 ], [ 6.107808297870137, 45.271213985800358 ], [ 6.108664797931224, 45.271314147777822 ], [ 6.109736340094311, 45.271637208901915 ], [ 6.109476720868984, 45.271825634933798 ], [ 6.109207863563689, 45.272090613411457 ], [ 6.109286981761563, 45.272298226632877 ], [ 6.109305781538562, 45.272393073136932 ], [ 6.109223067969423, 45.272605188129511 ], [ 6.109147057070595, 45.273179522071288 ], [ 6.109021554284474, 45.273593103660041 ], [ 6.109386339064475, 45.27407888114535 ], [ 6.108668376072787, 45.274041629134551 ], [ 6.108247437075296, 45.274244075064608 ], [ 6.107629508182419, 45.274547365636991 ], [ 6.106601985423743, 45.275014630030583 ], [ 6.106113911302878, 45.275466894844058 ], [ 6.105311710526334, 45.276053339760971 ], [ 6.104824136478538, 45.276561332137845 ], [ 6.104119857250321, 45.276285245414591 ], [ 6.103565302790484, 45.276272032902078 ], [ 6.103581744229842, 45.276567222707712 ], [ 6.10353181239104, 45.276883329559212 ], [ 6.103683654637562, 45.277184296713081 ], [ 6.104187982400219, 45.277265663024274 ], [ 6.105730822197226, 45.277318177551656 ], [ 6.106769330460227, 45.277289319332844 ], [ 6.107361169655383, 45.27724425795963 ], [ 6.108466581511474, 45.277203987420847 ], [ 6.109975538720998, 45.277133405092528 ], [ 6.110983878315097, 45.277048124954234 ], [ 6.111433929718715, 45.276883006275071 ], [ 6.112230725552462, 45.27687989909505 ], [ 6.11291943794476, 45.277118220990488 ], [ 6.113678435294406, 45.277163841529415 ], [ 6.115606724112558, 45.276862150154734 ], [ 6.116559676943024, 45.276511325946757 ], [ 6.117592640003464, 45.275900761282628 ], [ 6.11846374209243, 45.275294702318696 ], [ 6.119217923158588, 45.275254585776132 ], [ 6.11936003832907, 45.274897749189854 ], [ 6.11934831124547, 45.27468826119415 ], [ 6.119879553107721, 45.274043988808785 ], [ 6.12047709698181, 45.273795062229112 ], [ 6.121556638585917, 45.27344084395969 ], [ 6.122921470649715, 45.273129318086433 ], [ 6.124418139185671, 45.273564344725337 ], [ 6.125573936039417, 45.273942125175637 ], [ 6.125922577692122, 45.274619045762719 ], [ 6.128453780572954, 45.2754351799693 ], [ 6.129585880075722, 45.275870806664976 ], [ 6.129143911591355, 45.276178830003069 ], [ 6.129482836818977, 45.276829046726803 ], [ 6.130375983855316, 45.277431842279121 ], [ 6.13187175566494, 45.277847725919777 ], [ 6.13264373096406, 45.277883317161617 ], [ 6.132518584676743, 45.276618387835562 ], [ 6.131116397317522, 45.275703963146427 ], [ 6.130874931812069, 45.27525294567851 ], [ 6.130811890046279, 45.275092580686881 ], [ 6.1307946590076, 45.275026303116022 ], [ 6.131180948794758, 45.27492964904345 ], [ 6.132485796448576, 45.273872618299421 ], [ 6.132693112379928, 45.273475787060299 ], [ 6.132704127941708, 45.272950936828835 ], [ 6.132518745205879, 45.27253649931432 ], [ 6.132326836832248, 45.272246227213301 ], [ 6.132468949741188, 45.270449269315293 ], [ 6.131598400290841, 45.270340144815208 ], [ 6.131172440675615, 45.269970595085987 ], [ 6.131048508980479, 45.269687953763793 ], [ 6.130965697970197, 45.267973596637425 ], [ 6.130476194887325, 45.267434157913044 ], [ 6.131401496828808, 45.266836010181244 ], [ 6.13219012049963, 45.266689929583883 ], [ 6.132737420497724, 45.267056073522802 ], [ 6.132935838350134, 45.267222179054123 ], [ 6.133902001340052, 45.266870829769424 ], [ 6.134459147222584, 45.266931502468154 ], [ 6.135068624560621, 45.266962093198664 ], [ 6.135434219540083, 45.267218876345481 ], [ 6.135798656885767, 45.267695044370939 ], [ 6.136474494791206, 45.267704691267134 ], [ 6.13688340572835, 45.267531084002904 ], [ 6.137644064770711, 45.2671282469964 ], [ 6.137869709840644, 45.266578296124713 ], [ 6.13810875460799, 45.266266395766813 ], [ 6.138480951052236, 45.266160573509758 ], [ 6.139084906796302, 45.266572782169852 ], [ 6.139445838999978, 45.266266992869426 ], [ 6.139455716772804, 45.265723098347109 ], [ 6.13937871523298, 45.265315165136293 ], [ 6.139503437844537, 45.264892028454263 ], [ 6.139782964048399, 45.262662024915599 ], [ 6.139734540454081, 45.26228190063572 ], [ 6.140634370709798, 45.261474571530208 ], [ 6.140746129246484, 45.261061334429726 ], [ 6.14064913371794, 45.260777946395237 ], [ 6.140234524863078, 45.260369964242848 ], [ 6.139700723525863, 45.260003478691168 ], [ 6.139224613244082, 45.259702129532648 ], [ 6.138956108830013, 45.259490318609316 ], [ 6.138729126446276, 45.259296415331953 ], [ 6.138785891748324, 45.258865650807515 ], [ 6.138815692392833, 45.25843564368553 ], [ 6.138926461864804, 45.25776493427837 ], [ 6.139125015495404, 45.25745416939165 ], [ 6.13916446545627, 45.257195558768672 ], [ 6.139234632035814, 45.257002845435011 ], [ 6.139176564439532, 45.256451324908568 ], [ 6.138499869259099, 45.256184220029994 ], [ 6.13783014760445, 45.256040898097041 ], [ 6.137524974071074, 45.255896873525806 ], [ 6.137275419304695, 45.255541471151169 ], [ 6.136311168324983, 45.255682984973483 ], [ 6.13562628004647, 45.255749892045777 ], [ 6.13523156153671, 45.255694207827105 ], [ 6.13440542876358, 45.255650625598058 ], [ 6.134185000135158, 45.255332547858174 ], [ 6.133627435141276, 45.255262352186975 ], [ 6.133240850927963, 45.255111062689338 ], [ 6.133115871340508, 45.254809380105293 ], [ 6.131939341727756, 45.254537177735038 ], [ 6.131212632585157, 45.254099765488306 ], [ 6.129929270553343, 45.252886366823915 ], [ 6.128001024155846, 45.251729159818403 ], [ 6.127360733872866, 45.251146249927409 ], [ 6.126083388201407, 45.249074311574951 ], [ 6.124188044277458, 45.248259457059262 ], [ 6.121307129302977, 45.24744350103726 ], [ 6.118036857465013, 45.247630187474613 ], [ 6.115290330037174, 45.247525601946883 ], [ 6.11307340684699, 45.247959338058713 ], [ 6.112687050143073, 45.249019169070159 ], [ 6.11335268825315, 45.250059226126545 ], [ 6.114545344249172, 45.250865240141067 ], [ 6.116821998479396, 45.251497954513724 ], [ 6.117980151050861, 45.252409803935507 ], [ 6.119614018461546, 45.252411883303147 ], [ 6.120664383006164, 45.25245467151916 ], [ 6.122491229827179, 45.254362900333611 ], [ 6.123253621302323, 45.255438350439363 ], [ 6.124657182674716, 45.255666147421636 ], [ 6.124859136454265, 45.256137352069011 ], [ 6.125361703028105, 45.256190055377488 ], [ 6.125267728627552, 45.256440647576412 ], [ 6.125064829298422, 45.256675210779676 ], [ 6.124666241349749, 45.256791264851671 ], [ 6.123350831158031, 45.257896188382418 ], [ 6.122475492486863, 45.258902965355432 ], [ 6.122344639669283, 45.259459769982726 ], [ 6.12185789604962, 45.259931146611862 ], [ 6.121541925282202, 45.259835065856223 ], [ 6.121238904719355, 45.259729085817668 ], [ 6.121068047387908, 45.259571728458091 ], [ 6.12076769483574, 45.259513357133379 ], [ 6.120966664048979, 45.258725764212194 ], [ 6.121187639486371, 45.258090148948455 ], [ 6.121033622046417, 45.257751117660703 ], [ 6.120736633173372, 45.257511449830112 ], [ 6.119956794250878, 45.257571373890102 ], [ 6.11892915344539, 45.258029227261588 ], [ 6.117700157169077, 45.258750188419953 ], [ 6.11688321638201, 45.258629922247927 ], [ 6.116531949374878, 45.258143795615105 ], [ 6.11614877112158, 45.258535961613127 ], [ 6.115690897663784, 45.258558265645043 ], [ 6.115284115391362, 45.25876988426505 ], [ 6.114954320841036, 45.259151020931625 ], [ 6.115174654311724, 45.260193948936468 ], [ 6.114654844187274, 45.260799732204873 ], [ 6.114203686247484, 45.261184247956713 ], [ 6.113327279665556, 45.2612086676289 ], [ 6.112831591449511, 45.261279698879399 ], [ 6.111883514500569, 45.26122980748093 ], [ 6.11125976104549, 45.260941991015272 ], [ 6.110519115427992, 45.260495297240674 ], [ 6.110295084390454, 45.260110517219758 ], [ 6.109935896019238, 45.259481536292633 ], [ 6.109383960907059, 45.259754392996257 ], [ 6.108971834612214, 45.259870766365964 ], [ 6.108655886392752, 45.25977464919611 ], [ 6.10826765403098, 45.260319518845655 ], [ 6.108384870310887, 45.260726347933115 ], [ 6.108784908682968, 45.26087734847215 ], [ 6.109329488135159, 45.261124189256982 ], [ 6.109009790811178, 45.261519607287418 ], [ 6.108740980925223, 45.261784583196039 ], [ 6.108724430863997, 45.262214207460147 ], [ 6.108644918060595, 45.262483454646556 ], [ 6.109745582711219, 45.262605424105303 ], [ 6.109474697509039, 45.264043508482352 ], [ 6.10903483641671, 45.264389540043219 ], [ 6.108648375776887, 45.264724547721698 ], [ 6.108246508524311, 45.26478341035795 ], [ 6.107430030691346, 45.264672597754931 ], [ 6.106519483292973, 45.264812355149559 ], [ 6.105589609764679, 45.264847736247766 ], [ 6.105058423696023, 45.264767125746943 ], [ 6.104598372928733, 45.2647512958658 ], [ 6.104075144389577, 45.264813514676533 ], [ 6.104106130881132, 45.265127373906139 ], [ 6.104693907542126, 45.265254101021057 ], [ 6.105306002930197, 45.26533246439066 ], [ 6.105336464814274, 45.265636801443449 ], [ 6.104955808878276, 45.266076540991214 ], [ 6.104644159957529, 45.266542973017756 ], [ 6.104134173898556, 45.266843247051732 ], [ 6.102826166441938, 45.266879568435222 ], [ 6.102070496863753, 45.266891008606606 ], [ 6.101319596008068, 45.266988143698164 ], [ 6.101028231537775, 45.267091597390412 ], [ 6.100495201109858, 45.267220829806384 ], [ 6.099654463332768, 45.268131085641713 ], [ 6.0991246326836, 45.268803826991942 ], [ 6.098808154365043, 45.269184542846723 ], [ 6.098469186526791, 45.26940375322787 ], [ 6.096179432713503, 45.2705681111008 ], [ 6.09478848841307, 45.271222376541154 ], [ 6.093509677463318, 45.271822293306307 ], [ 6.092713229517267, 45.272281194073628 ], [ 6.092514892851509, 45.272601399384257 ], [ 6.092867087318305, 45.273000326151077 ], [ 6.092969429261746, 45.273246870564968 ], [ 6.09307863157534, 45.273510882619647 ], [ 6.093442490214561, 45.273739236524548 ], [ 6.093564125679563, 45.273983830018381 ], [ 6.093831729835374, 45.274424659293807 ], [ 6.093925337567982, 45.274650954153152 ], [ 6.094069190914642, 45.274809100096519 ] ] ] ] } },
{ "type": "Feature", "properties": { "ogc_fid": 665, "code": "UP3816306", "inseedep": "38", "inseecom": "38163", "nom1": "LES 7 LAUX", "nom2": "LA BELLE ETOILE", "surface": 884.79, "surf_mnt": 983.98, "etage_alt": "HM", "prop_type1": "PRI", "prop_reg": "N", "usage": "O", "motif": null, "traite": "N", "transform": "N", "phae": "O", "mae": "N", "surf_mae": null, "annee_ref": "2012", "source": "FAI", "id_source": null, "aut_source": null, "prop_type2": "N", "prop_type3": "N", "faire_val1": "CPP", "faire_val2": "N", "faire_val3": "N", "dern_usage": null, "util_pasto": "IND", "origine": "13", "exploit": 1, "pension": "N", "esp_dom": "O", "date_deb": "2012-06-20", "date_fin": "2012-09-20", "duree": 120, "retour": "N", "circuit": "O", "conduite": "GAR", "parc": "N", "fauche": "N", "vente": "N", "accueil": "N", "travail": 1, "jours_trav": 120, "salarie": 1, "jours_sal": 120, "ef_ov_pat": 1200, "ef_ca_pat": 0, "ef_vl_pat": 0, "ef_vat_pat": 0, "ef_gt_pat": 0, "ef_bnl_pat": 0, "ef_eq_pat": 0, "ef_au_pat": 0, "ef_ov_15j": 1200, "ef_ca_15j": 0, "ef_vl_15j": 0, "ef_vat_15j": 0, "ef_gt_15j": 0, "ef_bnl_15j": 0, "ef_eq_15j": 0, "ef_au_15j": 0, "ov_com": 0, "ov_dep": 0, "ov_ext": 1200, "dep1_ov": "13", "dep2_ov": "N", "ca_com": 0, "ca_dep": 0, "ca_ext": 0, "dep1_ca": "N", "dep2_ca": "N", "vl_com": 0, "vl_dep": 0, "vl_ext": 0, "dep1_vl": "N", "dep2_vl": "N", "vat_com": 0, "vat_dep": 0, "vat_ext": 0, "dep1_vat": "N", "dep2_vat": "N", "gt_com": 0, "gt_dep": 0, "gt_ext": 0, "dep1_gt": "N", "dep2_gt": "N", "bnl_com": 0, "bnl_dep": 0, "bnl_ext": 0, "dep1_bnl": "N", "dep2_bnl": "N", "eq_com": 0, "eq_dep": 0, "eq_ext": 0, "dep1_eq": "N", "dep2_eq": "N", "enqueteur": "CMR", "ogc_fid_2": null, "code_2": null, "inseedep_2": null, "inseecom_2": null, "nom1_2": null, "nom2_2": null, "surface_2": null, "surf_mnt_2": null, "etage_alt_2": null, "prop_type1_2": null, "prop_reg_2": null, "usage_2": null, "motif_2": null, "traite_2": null, "transform_2": null, "phae_2": null, "mae_2": null, "surf_mae_2": null, "annee_ref_2": null, "source_2": null, "id_source_2": null, "aut_source_2": null, "prop_type2_2": null, "prop_type3_2": null, "faire_val1_2": null, "faire_val2_2": null, "faire_val3_2": null, "dern_usage_2": null, "util_pasto_2": null, "origine_2": null, "exploit_2": null, "pension_2": null, "esp_dom_2": null, "date_deb_2": null, "date_fin_2": null, "duree_2": null, "retour_2": null, "circuit_2": null, "conduite_2": null, "parc_2": null, "fauche_2": null, "vente_2": null, "accueil_2": null, "travail_2": null, "jours_trav_2": null, "salarie_2": null, "jours_sal_2": null, "ef_ov_pat_2": null, "ef_ca_pat_2": null, "ef_vl_pat_2": null, "ef_vat_pat_2": null, "ef_gt_pat_2": null, "ef_bnl_pat_2": null, "ef_eq_pat_2": null, "ef_au_pat_2": null, "ef_ov_15j_2": null, "ef_ca_15j_2": null, "ef_vl_15j_2": null, "ef_vat_15j_2": null, "ef_gt_15j_2": null, "ef_bnl_15j_2": null, "ef_eq_15j_2": null, "ef_au_15j_2": null, "ov_com_2": null, "ov_dep_2": null, "ov_ext_2": null, "dep1_ov_2": null, "dep2_ov_2": null, "ca_com_2": null, "ca_dep_2": null, "ca_ext_2": null, "dep1_ca_2": null, "dep2_ca_2": null, "vl_com_2": null, "vl_dep_2": null, "vl_ext_2": null, "dep1_vl_2": null, "dep2_vl_2": null, "vat_com_2": null, "vat_dep_2": null, "vat_ext_2": null, "dep1_vat_2": null, "dep2_vat_2": null, "gt_com_2": null, "gt_dep_2": null, "gt_ext_2": null, "dep1_gt_2": null, "dep2_gt_2": null, "bnl_com_2": null, "bnl_dep_2": null, "bnl_ext_2": null, "dep1_bnl_2": null, "dep2_bnl_2": null, "eq_com_2": null, "eq_dep_2": null, "eq_ext_2": null, "dep1_eq_2": null, "dep2_eq_2": null, "enqueteur_2": null }, "geometry": { "type": "MultiPolygon", "coordinates": [ [ [ [ 6.089932609241377, 45.259429807222702 ], [ 6.090870022952339, 45.259108980362157 ], [ 6.09145652462619, 45.259092756569892 ], [ 6.0919962401615, 45.258963381809679 ], [ 6.092552214836457, 45.258762026973749 ], [ 6.092982086150969, 45.258478328735997 ], [ 6.093277926212934, 45.257969453108757 ], [ 6.093325530553164, 45.25736731050673 ], [ 6.093887436372839, 45.25690828871118 ], [ 6.094475900963724, 45.256562971812414 ], [ 6.094615883655469, 45.255800911695687 ], [ 6.094203103044767, 45.255297350617624 ], [ 6.094242364108597, 45.254910019176954 ], [ 6.093705475873888, 45.254724610917812 ], [ 6.093685658070918, 45.254367526114549 ], [ 6.09391485173076, 45.254117989142038 ], [ 6.093891069057665, 45.253689487658335 ], [ 6.093729695887054, 45.25333632238582 ], [ 6.093345882027049, 45.252989316249625 ], [ 6.092915699056594, 45.252171516058567 ], [ 6.093024759242877, 45.251581979260202 ], [ 6.093060855874707, 45.251137515124242 ], [ 6.092792841273639, 45.250687164138604 ], [ 6.09236861068186, 45.250341273362778 ], [ 6.091715242439948, 45.249515341660739 ], [ 6.091181211309144, 45.249015127245812 ], [ 6.090871197522174, 45.248537324014812 ], [ 6.090825636629629, 45.248080815039572 ], [ 6.090786834733772, 45.247380928762993 ], [ 6.090641760185671, 45.246955783344333 ], [ 6.090417758863892, 45.246933369208094 ], [ 6.090612038636103, 45.246784942422046 ], [ 6.090890787524395, 45.246333767047297 ], [ 6.0915041306609, 45.246073606351942 ], [ 6.09197197048937, 45.245745942822751 ], [ 6.09221739467817, 45.245424434375934 ], [ 6.092700691322191, 45.245010508141455 ], [ 6.092914002249899, 45.244475307052866 ], [ 6.093122554558503, 45.243854404743139 ], [ 6.093210721853705, 45.242893507992534 ], [ 6.093138860449817, 45.242323287096823 ], [ 6.092476068163414, 45.241325961350334 ], [ 6.091758191507217, 45.240430293831054 ], [ 6.091022073215898, 45.239935674912985 ], [ 6.09033949570566, 45.239310822388738 ], [ 6.089558223757543, 45.238731612479185 ], [ 6.089496062088879, 45.237975152910039 ], [ 6.08982260031946, 45.237623132809013 ], [ 6.09040903543044, 45.237277551975815 ], [ 6.090997736319451, 45.236574610506239 ], [ 6.09146074819842, 45.236161249836556 ], [ 6.092339159520995, 45.23593666221074 ], [ 6.092329275613322, 45.235393335878641 ], [ 6.091594803727106, 45.234927286933562 ], [ 6.090203893389162, 45.235037302445505 ], [ 6.089381818585549, 45.234816852694109 ], [ 6.089404048740838, 45.234487217017474 ], [ 6.089778643403831, 45.234305193149474 ], [ 6.089454047622551, 45.233927929894982 ], [ 6.08879292240893, 45.233688720255024 ], [ 6.087402037375102, 45.233798699966968 ], [ 6.087098020679337, 45.233792797581522 ], [ 6.087105584041351, 45.233563704519767 ], [ 6.087201569878439, 45.233103284470836 ], [ 6.087467970119585, 45.232795511049439 ], [ 6.087905227127665, 45.23228274082792 ], [ 6.088363481437163, 45.231783693347879 ], [ 6.088968764681362, 45.231380714097547 ], [ 6.089269678076157, 45.230599909824718 ], [ 6.089140916461936, 45.230102788273832 ], [ 6.089632446963556, 45.22947406694275 ], [ 6.089393914538971, 45.228822625153803 ], [ 6.088172767641172, 45.229070974383838 ], [ 6.087392698914846, 45.229607528003697 ], [ 6.086583704195403, 45.229987518213576 ], [ 6.08570898170222, 45.229911551692226 ], [ 6.084433147160423, 45.229903876881018 ], [ 6.082952964397374, 45.229129348181495 ], [ 6.080214080704154, 45.228289385914081 ], [ 6.08025026558401, 45.227844928041577 ], [ 6.08036493313389, 45.227355390215884 ], [ 6.080537569582843, 45.226449403752305 ], [ 6.080781884006762, 45.225741711568141 ], [ 6.081901929123984, 45.225496232172489 ], [ 6.082435815913307, 45.225266920096644 ], [ 6.083170710428916, 45.224645817515295 ], [ 6.083898014602023, 45.224253801630653 ], [ 6.084095068241062, 45.223790594497281 ], [ 6.08326812869441, 45.223112475506738 ], [ 6.081908618795294, 45.222320302638309 ], [ 6.08007828731774, 45.221798594028172 ], [ 6.078628839415818, 45.221209135535375 ], [ 6.077377076704945, 45.220900314317248 ], [ 6.077393855890336, 45.220470699314774 ], [ 6.077210107696538, 45.220075219530187 ], [ 6.076646825319036, 45.219404094335225 ], [ 6.076291438405487, 45.219199309014279 ], [ 6.076020045299839, 45.219049428379762 ], [ 6.075150232115487, 45.219059079669478 ], [ 6.074573072353531, 45.218502768674441 ], [ 6.074668349630689, 45.218028077451763 ], [ 6.074658901799868, 45.217856676876771 ], [ 6.074565467402819, 45.217630367650635 ], [ 6.074264429480428, 45.217309638703952 ], [ 6.073730862943457, 45.216809344321824 ], [ 6.073218303040168, 45.216322774608599 ], [ 6.072751675806082, 45.215935074146806 ], [ 6.071150773534335, 45.215163728032969 ], [ 6.069429905465716, 45.21515382561617 ], [ 6.06811242234994, 45.215118508674102 ], [ 6.067510306721036, 45.215578507245354 ], [ 6.066916034262142, 45.216181336918758 ], [ 6.066651584229375, 45.21726147754422 ], [ 6.066474039421779, 45.218081740127033 ], [ 6.066590999510806, 45.218736559338495 ], [ 6.067006402033211, 45.219297352244624 ], [ 6.067397673986833, 45.219787281658071 ], [ 6.067677689947816, 45.220094301029917 ], [ 6.067468729102516, 45.220343227276487 ], [ 6.06644250297, 45.220085310448034 ], [ 6.065469850774336, 45.219697168825363 ], [ 6.064725017376017, 45.219402901958169 ], [ 6.064278040350466, 45.219372253122835 ], [ 6.063954679234932, 45.219381125827134 ], [ 6.063816535588204, 45.219814066609466 ], [ 6.064119879652926, 45.220177674299336 ], [ 6.064092797950394, 45.22042160315025 ], [ 6.063796701063112, 45.220558472061853 ], [ 6.063376202792393, 45.220641532812877 ], [ 6.062912143454543, 45.22066856678957 ], [ 6.062421599305131, 45.220581885274896 ], [ 6.061396176069699, 45.220338205557582 ], [ 6.060162387722711, 45.219985787042773 ], [ 6.058685462257979, 45.219997639913544 ], [ 6.05769515342632, 45.220024760082936 ], [ 6.057026787487721, 45.220386378204672 ], [ 6.057387960852438, 45.221197189856753 ], [ 6.05791354543331, 45.222068460124838 ], [ 6.058247377014732, 45.222713280002509 ], [ 6.059083586230964, 45.223068460168761 ], [ 6.060363860911824, 45.223672011576092 ], [ 6.061370020249882, 45.224287104976312 ], [ 6.062231824980339, 45.225236219164593 ], [ 6.061776527281997, 45.225792292751812 ], [ 6.06154199122435, 45.22631370379829 ], [ 6.061476995078122, 45.226973516077265 ], [ 6.06123087659262, 45.227152516959087 ], [ 6.06130465966333, 45.22752183060792 ], [ 6.061607597042113, 45.228015365868075 ], [ 6.061617786688797, 45.228800699998594 ], [ 6.062033214153089, 45.229361512596014 ], [ 6.063427176923796, 45.229308982709206 ], [ 6.064947913851634, 45.229353091721663 ], [ 6.065967237485342, 45.229482471451128 ], [ 6.066996777622211, 45.229797527009431 ], [ 6.067541192605217, 45.230125897281766 ], [ 6.06768919148945, 45.23060820501108 ], [ 6.067022334644674, 45.230998450677681 ], [ 6.065619110186861, 45.231251549973187 ], [ 6.0642180373946, 45.231175554868457 ], [ 6.063350987345598, 45.230870322845348 ], [ 6.062491789274489, 45.230707918304518 ], [ 6.061669279298974, 45.230844908570432 ], [ 6.061311867400036, 45.231341076279037 ], [ 6.06127631347804, 45.231799811851744 ], [ 6.06117670875717, 45.233304570365938 ], [ 6.062059649291644, 45.234267417201373 ], [ 6.062626044160086, 45.234995752112653 ], [ 6.064051161681973, 45.234770702682823 ], [ 6.065726121855207, 45.235039456329922 ], [ 6.067821347141608, 45.235954677655215 ], [ 6.067092993113337, 45.236332306328677 ], [ 6.066840395195922, 45.236525207517865 ], [ 6.066656298628609, 45.236859279029638 ], [ 6.066134599687457, 45.236945125430601 ], [ 6.064637795112487, 45.236971895439311 ], [ 6.063396742030407, 45.236862886590728 ], [ 6.062112123544408, 45.236697838233354 ], [ 6.060246106186414, 45.237006465309541 ], [ 6.06005150725687, 45.237487910479018 ], [ 6.060704534354398, 45.237980953594821 ], [ 6.061993100072997, 45.238217436733272 ], [ 6.063321325988335, 45.238438512706018 ], [ 6.064318431930644, 45.238897537575077 ], [ 6.065315553007973, 45.239356553627225 ], [ 6.065365609504225, 45.23989877322893 ], [ 6.06434079550892, 45.240041330063981 ], [ 6.063832404627783, 45.240369986570194 ], [ 6.063666925510296, 45.240674931876505 ], [ 6.065023484139991, 45.241410194726953 ], [ 6.06702307825829, 45.241936898702292 ], [ 6.069014752198445, 45.242422992408642 ], [ 6.069655566447543, 45.243528915605985 ], [ 6.06978677322505, 45.244440838809723 ], [ 6.070321031570347, 45.245685009813783 ], [ 6.071316680174647, 45.247216904112065 ], [ 6.073115948920793, 45.24899849005245 ], [ 6.071984616013556, 45.249415840518203 ], [ 6.070499280102259, 45.249656942424153 ], [ 6.07020642285238, 45.250222890930452 ], [ 6.070757034889339, 45.251395088080947 ], [ 6.071261167580063, 45.25282605353285 ], [ 6.071163442366256, 45.253257894739662 ], [ 6.071463322163996, 45.253921994596091 ], [ 6.072126431445616, 45.254561803772518 ], [ 6.073057966495434, 45.255294363796409 ], [ 6.07359599676485, 45.255936453535 ], [ 6.074501410954484, 45.256127273704188 ], [ 6.075305880497192, 45.256391240963701 ], [ 6.075712193462402, 45.256780603992681 ], [ 6.075854815217043, 45.257162919164934 ], [ 6.075837225006032, 45.257578254631035 ], [ 6.074646115387928, 45.258383514633771 ], [ 6.073704778023038, 45.258209138531754 ], [ 6.073120390896459, 45.257896191386997 ], [ 6.07260140597499, 45.25766727496142 ], [ 6.072301442445796, 45.258104678239299 ], [ 6.072426181999579, 45.258530404471941 ], [ 6.072692493753125, 45.258952237992226 ], [ 6.071516024287058, 45.259656924134163 ], [ 6.070554131155102, 45.260212649959271 ], [ 6.069761097755929, 45.260892475965306 ], [ 6.068567690935851, 45.262026749785626 ], [ 6.068136531964728, 45.263025644666534 ], [ 6.06750559855836, 45.262971438679976 ], [ 6.066634105338689, 45.262594811444927 ], [ 6.066000617744185, 45.262125817544245 ], [ 6.066212713272602, 45.263035528782446 ], [ 6.065848062857799, 45.263403162141067 ], [ 6.065222428052838, 45.263076999526774 ], [ 6.065323945501316, 45.26234465271947 ], [ 6.065457469312893, 45.261826004784695 ], [ 6.065548184571685, 45.261265614710894 ], [ 6.065346517538799, 45.260913518489943 ], [ 6.065369685711677, 45.260598169411956 ], [ 6.06540600986555, 45.260153713382664 ], [ 6.065629853374408, 45.259804249157099 ], [ 6.066053584000542, 45.259406384964741 ], [ 6.066576857690063, 45.258977177188505 ], [ 6.06728371598154, 45.258571538096454 ], [ 6.06750518325955, 45.258179220468435 ], [ 6.066874096153897, 45.257753082586206 ], [ 6.065902356537817, 45.257393508754888 ], [ 6.06472230321566, 45.257297132199128 ], [ 6.064471364567059, 45.257890525313179 ], [ 6.064523000078476, 45.25846131450529 ], [ 6.064582683684424, 45.259546867985826 ], [ 6.064884875215411, 45.260253837968932 ], [ 6.065027628459746, 45.26100809582563 ], [ 6.064795330861473, 45.261572367339781 ], [ 6.064829889234002, 45.262200845814441 ], [ 6.064271022612872, 45.263088785176386 ], [ 6.064125111337533, 45.263750823189667 ], [ 6.064712845720364, 45.264492880042219 ], [ 6.064569486014508, 45.265569698545299 ], [ 6.064582440334597, 45.26654209406199 ], [ 6.065183169513308, 45.266783113672354 ], [ 6.066277593630429, 45.266424073928242 ], [ 6.066776984423199, 45.266295930598531 ], [ 6.067345913563953, 45.2666951671265 ], [ 6.067783265669575, 45.266912046569935 ], [ 6.068391657444294, 45.266923955645709 ], [ 6.068838230119789, 45.266940304792534 ], [ 6.069075452455076, 45.266833654691325 ], [ 6.068884531766717, 45.266309605340446 ], [ 6.069180634553929, 45.265800792662283 ], [ 6.070027015704078, 45.265720324729337 ], [ 6.070807206388522, 45.265541533706347 ], [ 6.071526170006107, 45.265237316858318 ], [ 6.07203425331728, 45.264649499350682 ], [ 6.072853618200739, 45.264303034934301 ], [ 6.0739594458733, 45.264296154153811 ], [ 6.075221091592191, 45.264032560920057 ], [ 6.076283617307563, 45.263831656101736 ], [ 6.077684176983337, 45.263149358441495 ], [ 6.079174076731329, 45.263351507506997 ], [ 6.079921348958071, 45.262944673644988 ], [ 6.080244663078028, 45.262563825895768 ], [ 6.080445829558148, 45.262172038887471 ], [ 6.080867103879807, 45.261731267957927 ], [ 6.08154261103629, 45.261126127579317 ], [ 6.082425090964393, 45.260601105498885 ], [ 6.083388454058699, 45.260073844363802 ], [ 6.08375012654474, 45.260020948816475 ], [ 6.084346125869596, 45.260176163596711 ], [ 6.084735466740656, 45.260623186095224 ], [ 6.084955897724006, 45.260946123058162 ], [ 6.085264348514242, 45.261395377029324 ], [ 6.08593527699857, 45.261806010990206 ], [ 6.086835471688024, 45.261967118139275 ], [ 6.087222126653362, 45.261999353201155 ], [ 6.087435991684783, 45.261975558589555 ], [ 6.087979267588538, 45.261345771416352 ], [ 6.087953936839051, 45.260949152172238 ], [ 6.087885791034227, 45.260450349460314 ], [ 6.087343332395205, 45.260164925643885 ], [ 6.086744951825979, 45.259966876577565 ], [ 6.086775117693109, 45.25978007391911 ], [ 6.087490541079632, 45.259531425568561 ], [ 6.087916045725693, 45.259533973825313 ], [ 6.088765470823678, 45.259510498704884 ], [ 6.08938292715829, 45.259321765972665 ], [ 6.090077316993281, 45.259059376810313 ], [ 6.089907968121435, 45.259292944207729 ], [ 6.089932609241377, 45.259429807222702 ] ] ] ] } },
{ "type": "Feature", "properties": { "ogc_fid": 678, "code": "UP3820602", "inseedep": "38", "inseecom": "38206", "nom1": "BEDINA", "nom2": "JAS DES LIEVRES", "surface": 188.32, "surf_mnt": 217.65, "etage_alt": "HM", "prop_type1": "COM", "prop_reg": "N", "usage": "O", "motif": null, "traite": "N", "transform": "N", "phae": "O", "mae": "N", "surf_mae": null, "annee_ref": "2012", "source": "FAI", "id_source": null, "aut_source": null, "prop_type2": "PRI", "prop_type3": "N", "faire_val1": "CPP", "faire_val2": "N", "faire_val3": "N", "dern_usage": null, "util_pasto": "IND", "origine": "COM", "exploit": 1, "pension": "N", "esp_dom": "O", "date_deb": "2012-07-01", "date_fin": "2012-08-30", "duree": 60, "retour": "N", "circuit": "N", "conduite": "GAR", "parc": "N", "fauche": "N", "vente": "N", "accueil": "N", "travail": 2, "jours_trav": 100, "salarie": 1, "jours_sal": 60, "ef_ov_pat": 800, "ef_ca_pat": 0, "ef_vl_pat": 0, "ef_vat_pat": 0, "ef_gt_pat": 0, "ef_bnl_pat": 0, "ef_eq_pat": 0, "ef_au_pat": 0, "ef_ov_15j": 800, "ef_ca_15j": 0, "ef_vl_15j": 0, "ef_vat_15j": 0, "ef_gt_15j": 0, "ef_bnl_15j": 0, "ef_eq_15j": 0, "ef_au_15j": 0, "ov_com": 800, "ov_dep": 0, "ov_ext": 0, "dep1_ov": "N", "dep2_ov": "N", "ca_com": 0, "ca_dep": 0, "ca_ext": 0, "dep1_ca": "N", "dep2_ca": "N", "vl_com": 0, "vl_dep": 0, "vl_ext": 0, "dep1_vl": "N", "dep2_vl": "N", "vat_com": 0, "vat_dep": 0, "vat_ext": 0, "dep1_vat": "N", "dep2_vat": "N", "gt_com": 0, "gt_dep": 0, "gt_ext": 0, "dep1_gt": "N", "dep2_gt": "N", "bnl_com": 0, "bnl_dep": 0, "bnl_ext": 0, "dep1_bnl": "N", "dep2_bnl": "N", "eq_com": 0, "eq_dep": 0, "eq_ext": 0, "dep1_eq": "N", "dep2_eq": "N", "enqueteur": "PJC", "ogc_fid_2": null, "code_2": null, "inseedep_2": null, "inseecom_2": null, "nom1_2": null, "nom2_2": null, "surface_2": null, "surf_mnt_2": null, "etage_alt_2": null, "prop_type1_2": null, "prop_reg_2": null, "usage_2": null, "motif_2": null, "traite_2": null, "transform_2": null, "phae_2": null, "mae_2": null, "surf_mae_2": null, "annee_ref_2": null, "source_2": null, "id_source_2": null, "aut_source_2": null, "prop_type2_2": null, "prop_type3_2": null, "faire_val1_2": null, "faire_val2_2": null, "faire_val3_2": null, "dern_usage_2": null, "util_pasto_2": null, "origine_2": null, "exploit_2": null, "pension_2": null, "esp_dom_2": null, "date_deb_2": null, "date_fin_2": null, "duree_2": null, "retour_2": null, "circuit_2": null, "conduite_2": null, "parc_2": null, "fauche_2": null, "vente_2": null, "accueil_2": null, "travail_2": null, "jours_trav_2": null, "salarie_2": null, "jours_sal_2": null, "ef_ov_pat_2": null, "ef_ca_pat_2": null, "ef_vl_pat_2": null, "ef_vat_pat_2": null, "ef_gt_pat_2": null, "ef_bnl_pat_2": null, "ef_eq_pat_2": null, "ef_au_pat_2": null, "ef_ov_15j_2": null, "ef_ca_15j_2": null, "ef_vl_15j_2": null, "ef_vat_15j_2": null, "ef_gt_15j_2": null, "ef_bnl_15j_2": null, "ef_eq_15j_2": null, "ef_au_15j_2": null, "ov_com_2": null, "ov_dep_2": null, "ov_ext_2": null, "dep1_ov_2": null, "dep2_ov_2": null, "ca_com_2": null, "ca_dep_2": null, "ca_ext_2": null, "dep1_ca_2": null, "dep2_ca_2": null, "vl_com_2": null, "vl_dep_2": null, "vl_ext_2": null, "dep1_vl_2": null, "dep2_vl_2": null, "vat_com_2": null, "vat_dep_2": null, "vat_ext_2": null, "dep1_vat_2": null, "dep2_vat_2": null, "gt_com_2": null, "gt_dep_2": null, "gt_ext_2": null, "dep1_gt_2": null, "dep2_gt_2": null, "bnl_com_2": null, "bnl_dep_2": null, "bnl_ext_2": null, "dep1_bnl_2": null, "dep2_bnl_2": null, "eq_com_2": null, "eq_dep_2": null, "eq_ext_2": null, "dep1_eq_2": null, "dep2_eq_2": null, "enqueteur_2": null }, "geometry": { "type": "MultiPolygon", "coordinates": [ [ [ [ 6.005234310765573, 45.247241055829157 ], [ 6.005400613572239, 45.246757375824309 ], [ 6.005596805449175, 45.246483885038252 ], [ 6.006204627913961, 45.246020510061271 ], [ 6.007091267565109, 45.24525161271437 ], [ 6.00802000606752, 45.244481575230303 ], [ 6.00883198374293, 45.243893482128513 ], [ 6.009647156927603, 45.24336489964616 ], [ 6.0106404473179, 45.243010320967528 ], [ 6.011666205131358, 45.242476047880402 ], [ 6.012484546325979, 45.242006961231759 ], [ 6.013605769636958, 45.241678705948978 ], [ 6.015152210628839, 45.241538038213818 ], [ 6.015935844787866, 45.24105198082983 ], [ 6.016441305875842, 45.241038333875608 ], [ 6.01626262305713, 45.240542492286664 ], [ 6.016424236933697, 45.239787129478742 ], [ 6.015549574572841, 45.238839213430474 ], [ 6.015003257939363, 45.237869440867506 ], [ 6.014579685125303, 45.237377699168874 ], [ 6.013500605515077, 45.236891844620118 ], [ 6.012353022457499, 45.236636702441821 ], [ 6.011301744089557, 45.236665047054188 ], [ 6.010070224494693, 45.236354925869264 ], [ 6.009548018686493, 45.235682371668368 ], [ 6.00919063752773, 45.235062593054693 ], [ 6.009075858464644, 45.234436279434746 ], [ 6.009430846431341, 45.233511216472934 ], [ 6.010304918086508, 45.233201569710467 ], [ 6.011838219878992, 45.233103017938681 ], [ 6.013275219135602, 45.232720948537619 ], [ 6.014873919490063, 45.23233449663681 ], [ 6.016469508446651, 45.231890885643224 ], [ 6.016046665354714, 45.231558990604761 ], [ 6.014404758242, 45.231145563116556 ], [ 6.013285666443331, 45.229916945712652 ], [ 6.011837029503853, 45.228582768502065 ], [ 6.009785483247091, 45.226578199497119 ], [ 6.009089336897045, 45.225681459550898 ], [ 6.008134522954107, 45.225993274050339 ], [ 6.005212212030748, 45.227372220580065 ], [ 6.004355503951748, 45.227916562705424 ], [ 6.002588992685784, 45.228192939934559 ], [ 6.001421947487295, 45.229149227206044 ], [ 6.000740347141099, 45.230025817915518 ], [ 5.999897341062197, 45.230840096524474 ], [ 6.00004889339481, 45.232152050153829 ], [ 6.000517758403742, 45.23334104324298 ], [ 6.000750197026242, 45.234650824416939 ], [ 6.001004170627649, 45.236360556949236 ], [ 6.001323654344313, 45.237782436804174 ], [ 6.002252878129992, 45.238567951776375 ], [ 6.00368700478703, 45.238128869481798 ], [ 6.005248975989476, 45.237056923242328 ], [ 6.006234796828945, 45.237316491145656 ], [ 6.006029152205996, 45.238008649718729 ], [ 6.005161139949217, 45.238432533868334 ], [ 6.004961634791871, 45.239238962109958 ], [ 6.00539986799321, 45.239856579116342 ], [ 6.004450948056388, 45.240282634518714 ], [ 6.004669396601463, 45.241800205814641 ], [ 6.004659346256675, 45.242396504458362 ], [ 6.004014236959764, 45.242950278253964 ], [ 6.002673886343056, 45.243343888013378 ], [ 6.001332988025805, 45.243298325468672 ], [ 5.999577242494132, 45.24351358096856 ], [ 5.997589605374293, 45.244285095977972 ], [ 5.996270403625545, 45.244856907065319 ], [ 5.995725422971605, 45.245705957159934 ], [ 5.995356926337831, 45.246699280405423 ], [ 5.994951647479745, 45.247008158134982 ], [ 5.99487234612022, 45.248484851792263 ], [ 5.997680289138416, 45.247980411614783 ], [ 5.999117505143806, 45.247405417315072 ], [ 6.000515670417152, 45.247046022903973 ], [ 6.001707766670581, 45.24662062392251 ], [ 6.003663881191648, 45.246281958676526 ], [ 6.004019663045216, 45.24630815434066 ], [ 6.004505414538166, 45.246867280700009 ], [ 6.005234310765573, 45.247241055829157 ] ] ] ] } },
{ "type": "Feature", "properties": { "ogc_fid": 702, "code": "UP3837508", "inseedep": "38", "inseecom": "38375", "nom1": "LANCHATRA", "nom2": "LA GRANDE JASSIRE", "surface": 846.64, "surf_mnt": 1024.41, "etage_alt": "HM", "prop_type1": "COM", "prop_reg": "AFPA", "usage": "O", "motif": null, "traite": "N", "transform": "N", "phae": "O", "mae": "N", "surf_mae": null, "annee_ref": "2012", "source": "FAI", "id_source": null, "aut_source": null, "prop_type2": "PRI", "prop_type3": "N", "faire_val1": "CPP", "faire_val2": "VER", "faire_val3": "N", "dern_usage": null, "util_pasto": "IND", "origine": "13", "exploit": 1, "pension": "N", "esp_dom": "O", "date_deb": "2012-06-15", "date_fin": "2012-10-15", "duree": 122, "retour": "N", "circuit": "N", "conduite": "GAR", "parc": "N", "fauche": "N", "vente": "N", "accueil": "N", "travail": 1, "jours_trav": 120, "salarie": 0, "jours_sal": 0, "ef_ov_pat": 800, "ef_ca_pat": 0, "ef_vl_pat": 0, "ef_vat_pat": 0, "ef_gt_pat": 0, "ef_bnl_pat": 0, "ef_eq_pat": 0, "ef_au_pat": 0, "ef_ov_15j": 800, "ef_ca_15j": 0, "ef_vl_15j": 0, "ef_vat_15j": 0, "ef_gt_15j": 0, "ef_bnl_15j": 0, "ef_eq_15j": 0, "ef_au_15j": 0, "ov_com": 0, "ov_dep": 0, "ov_ext": 800, "dep1_ov": "13", "dep2_ov": "N", "ca_com": 0, "ca_dep": 0, "ca_ext": 0, "dep1_ca": "N", "dep2_ca": "N", "vl_com": 0, "vl_dep": 0, "vl_ext": 0, "dep1_vl": "N", "dep2_vl": "N", "vat_com": 0, "vat_dep": 0, "vat_ext": 0, "dep1_vat": "N", "dep2_vat": "N", "gt_com": 0, "gt_dep": 0, "gt_ext": 0, "dep1_gt": "N", "dep2_gt": "N", "bnl_com": 0, "bnl_dep": 0, "bnl_ext": 0, "dep1_bnl": "N", "dep2_bnl": "N", "eq_com": 0, "eq_dep": 0, "eq_ext": 0, "dep1_eq": "N", "dep2_eq": "N", "enqueteur": "CM", "ogc_fid_2": null, "code_2": null, "inseedep_2": null, "inseecom_2": null, "nom1_2": null, "nom2_2": null, "surface_2": null, "surf_mnt_2": null, "etage_alt_2": null, "prop_type1_2": null, "prop_reg_2": null, "usage_2": null, "motif_2": null, "traite_2": null, "transform_2": null, "phae_2": null, "mae_2": null, "surf_mae_2": null, "annee_ref_2": null, "source_2": null, "id_source_2": null, "aut_source_2": null, "prop_type2_2": null, "prop_type3_2": null, "faire_val1_2": null, "faire_val2_2": null, "faire_val3_2": null, "dern_usage_2": null, "util_pasto_2": null, "origine_2": null, "exploit_2": null, "pension_2": null, "esp_dom_2": null, "date_deb_2": null, "date_fin_2": null, "duree_2": null, "retour_2": null, "circuit_2": null, "conduite_2": null, "parc_2": null, "fauche_2": null, "vente_2": null, "accueil_2": null, "travail_2": null, "jours_trav_2": null, "salarie_2": null, "jours_sal_2": null, "ef_ov_pat_2": null, "ef_ca_pat_2": null, "ef_vl_pat_2": null, "ef_vat_pat_2": null, "ef_gt_pat_2": null, "ef_bnl_pat_2": null, "ef_eq_pat_2": null, "ef_au_pat_2": null, "ef_ov_15j_2": null, "ef_ca_15j_2": null, "ef_vl_15j_2": null, "ef_vat_15j_2": null, "ef_gt_15j_2": null, "ef_bnl_15j_2": null, "ef_eq_15j_2": null, "ef_au_15j_2": null, "ov_com_2": null, "ov_dep_2": null, "ov_ext_2": null, "dep1_ov_2": null, "dep2_ov_2": null, "ca_com_2": null, "ca_dep_2": null, "ca_ext_2": null, "dep1_ca_2": null, "dep2_ca_2": null, "vl_com_2": null, "vl_dep_2": null, "vl_ext_2": null, "dep1_vl_2": null, "dep2_vl_2": null, "vat_com_2": null, "vat_dep_2": null, "vat_ext_2": null, "dep1_vat_2": null, "dep2_vat_2": null, "gt_com_2": null, "gt_dep_2": null, "gt_ext_2": null, "dep1_gt_2": null, "dep2_gt_2": null, "bnl_com_2": null, "bnl_dep_2": null, "bnl_ext_2": null, "dep1_bnl_2": null, "dep2_bnl_2": null, "eq_com_2": null, "eq_dep_2": null, "eq_ext_2": null, "dep1_eq_2": null, "dep2_eq_2": null, "enqueteur_2": null }, "geometry": { "type": "MultiPolygon", "coordinates": [ [ [ [ 6.138299372041617, 44.968361006509703 ], [ 6.139157093368897, 44.968978426409492 ], [ 6.139896191900679, 44.968250141133133 ], [ 6.139174834619276, 44.967518751455309 ], [ 6.139237414840673, 44.967260151830594 ], [ 6.139924779366283, 44.967439054038721 ], [ 6.139476750806353, 44.966775394700768 ], [ 6.138778377671779, 44.966033371331044 ], [ 6.136345834040293, 44.962399998183855 ], [ 6.135775053268418, 44.960918530862344 ], [ 6.134484942179475, 44.960700732772239 ], [ 6.134152133590243, 44.960101007841878 ], [ 6.134486613545195, 44.959690433660853 ], [ 6.135100084438448, 44.959335804067244 ], [ 6.134672780309857, 44.95862972340764 ], [ 6.134239667567615, 44.959168772890941 ], [ 6.133347524014182, 44.959866531972573 ], [ 6.1326819489392, 44.959826382794191 ], [ 6.131581856483653, 44.959909240777876 ], [ 6.130303512606264, 44.960702421126229 ], [ 6.129898260958692, 44.960418486187343 ], [ 6.129272155525642, 44.9600944686009 ], [ 6.128890464922186, 44.959416587146912 ], [ 6.129239427629212, 44.958964158422468 ], [ 6.129159082593302, 44.958728011150967 ], [ 6.128960586280092, 44.958781279950323 ], [ 6.128180492680085, 44.958040328368703 ], [ 6.127692536015741, 44.95772028782045 ], [ 6.127435221651945, 44.957174879880974 ], [ 6.129206273243396, 44.956559704742126 ], [ 6.132236199357582, 44.955717175982201 ], [ 6.13454342180134, 44.957567931888363 ], [ 6.135229205574604, 44.957782651718702 ], [ 6.136226559240553, 44.958629981611217 ], [ 6.137247706535607, 44.959333527812348 ], [ 6.136410829029647, 44.959467386378932 ], [ 6.136694105690284, 44.960049467518488 ], [ 6.137231367057673, 44.960573390257821 ], [ 6.138254841217115, 44.960323463516097 ], [ 6.139001228281789, 44.960505427478495 ], [ 6.139400596638566, 44.960909534554688 ], [ 6.138681571533419, 44.961684780745074 ], [ 6.139700340955599, 44.96161402775089 ], [ 6.140067058546905, 44.962316217795163 ], [ 6.140581981060339, 44.962238949101319 ], [ 6.140490125238752, 44.96138435109161 ], [ 6.140329445522143, 44.960996738093762 ], [ 6.141173317041992, 44.96103493332641 ], [ 6.142112953476226, 44.961805076801291 ], [ 6.143883685616331, 44.962155167312183 ], [ 6.145092698430855, 44.962756876448204 ], [ 6.145205120050394, 44.963420150569014 ], [ 6.148553705159872, 44.964782088518795 ], [ 6.149414528571999, 44.964609469074098 ], [ 6.147211841836513, 44.962826871144514 ], [ 6.147580675774021, 44.962596594256027 ], [ 6.149158368575699, 44.963808187815616 ], [ 6.150354662152716, 44.964124360676657 ], [ 6.151796067151288, 44.964098495144803 ], [ 6.151091787507077, 44.963452160634688 ], [ 6.149920674041153, 44.963082580070918 ], [ 6.149893521846423, 44.962093909313481 ], [ 6.148453187393738, 44.96164636360966 ], [ 6.147400943311289, 44.960545060829141 ], [ 6.145630922085032, 44.959714610309582 ], [ 6.145123664267648, 44.959283057915783 ], [ 6.141615708454151, 44.958519799785549 ], [ 6.140991160427546, 44.957821143481446 ], [ 6.140025052351904, 44.957308861784455 ], [ 6.139793695009735, 44.955890439816024 ], [ 6.139586463640842, 44.954619865505158 ], [ 6.139213569111217, 44.95233343993624 ], [ 6.141685157755576, 44.952465474392895 ], [ 6.143362761652045, 44.953446593391831 ], [ 6.143802111102443, 44.952981153443616 ], [ 6.144462001434897, 44.953554103324862 ], [ 6.145135502414346, 44.954817551422252 ], [ 6.146706084381512, 44.953738927523531 ], [ 6.14716944731544, 44.952662686288647 ], [ 6.148510965269673, 44.951425138787656 ], [ 6.1503526356121, 44.950010718623687 ], [ 6.149317807108322, 44.948502405344691 ], [ 6.148678122381013, 44.947602389526097 ], [ 6.148444103284457, 44.946842942738044 ], [ 6.149021215951461, 44.946484956820306 ], [ 6.148994467946897, 44.946008894467184 ], [ 6.14916615070108, 44.945479526075957 ], [ 6.14911800319759, 44.944622612941622 ], [ 6.149249556972315, 44.943379151221315 ], [ 6.148917236309942, 44.942244200018074 ], [ 6.147767202043185, 44.940894004329451 ], [ 6.146051377256924, 44.940227367501365 ], [ 6.144641435743243, 44.940414403748328 ], [ 6.143780135381376, 44.940011770708807 ], [ 6.142576754367113, 44.940322463897573 ], [ 6.14111504284606, 44.939976579856733 ], [ 6.140282364641346, 44.938736223606533 ], [ 6.139323062932746, 44.937598229055801 ], [ 6.139318980108879, 44.936472781489037 ], [ 6.138840196771166, 44.935543172488451 ], [ 6.137984033315843, 44.934681215348071 ], [ 6.137562150533495, 44.933434978175903 ], [ 6.136647605960523, 44.932845325074474 ], [ 6.136136690035733, 44.932061250463946 ], [ 6.137406909532347, 44.930964234207622 ], [ 6.137438972078097, 44.93064129528463 ], [ 6.137037503378006, 44.928513629809522 ], [ 6.138228375984735, 44.927754826742003 ], [ 6.137933177853287, 44.92671674611428 ], [ 6.136913850640156, 44.925393754647658 ], [ 6.135761635224341, 44.925218915736963 ], [ 6.135073737789088, 44.923735546546261 ], [ 6.135024548168943, 44.922397017524183 ], [ 6.134799833322006, 44.920913319088754 ], [ 6.134881456971965, 44.91925361619694 ], [ 6.134038569320171, 44.918380452393087 ], [ 6.134783973254502, 44.917014630502884 ], [ 6.134247771493059, 44.916526746663905 ], [ 6.132928529346148, 44.915619016087859 ], [ 6.132221444733142, 44.916737522246315 ], [ 6.130767473729358, 44.916242883629614 ], [ 6.130004094453785, 44.916486527451589 ], [ 6.128526993198856, 44.916215548702425 ], [ 6.128740870639925, 44.914921610946472 ], [ 6.128656079705369, 44.913673658007141 ], [ 6.127685702791981, 44.913456766973184 ], [ 6.127397801044877, 44.912180040518514 ], [ 6.126629925400077, 44.911241421635253 ], [ 6.125888248695174, 44.912910832722353 ], [ 6.124918538746479, 44.913444410776826 ], [ 6.126004445967706, 44.914622314351881 ], [ 6.13016108661203, 44.918234717964047 ], [ 6.128271932089892, 44.919607402574393 ], [ 6.126870297042962, 44.917930462842598 ], [ 6.124819387028296, 44.91780325396212 ], [ 6.122248836527111, 44.918022091799152 ], [ 6.120269180726099, 44.917570639737868 ], [ 6.118458070342056, 44.919807976497736 ], [ 6.120785429307477, 44.921366372740742 ], [ 6.120986942832701, 44.922006893126643 ], [ 6.120017462895449, 44.922761381360765 ], [ 6.12191555545234, 44.923303976715431 ], [ 6.12077571474579, 44.923557426575421 ], [ 6.12200397125488, 44.92523932467715 ], [ 6.120969196132691, 44.925796143244028 ], [ 6.119361880646294, 44.924963881447567 ], [ 6.11787108286787, 44.92548305206163 ], [ 6.116968356891595, 44.926514606368158 ], [ 6.118012799902335, 44.928069272630239 ], [ 6.119614978017333, 44.928295253002474 ], [ 6.119150656169458, 44.928764835135112 ], [ 6.117429864429429, 44.929118484800746 ], [ 6.117441742831575, 44.930198385340844 ], [ 6.116434807477313, 44.931511267418117 ], [ 6.117791149872964, 44.932855278342799 ], [ 6.119068872573392, 44.934538905834522 ], [ 6.120185593799031, 44.934886611616051 ], [ 6.119694350332186, 44.935363041822825 ], [ 6.119022360857117, 44.93603559278791 ], [ 6.118145249072693, 44.936457435093388 ], [ 6.117987945359452, 44.937106116679566 ], [ 6.118971775617883, 44.937763427663384 ], [ 6.119867053738463, 44.93766209291735 ], [ 6.120570570342316, 44.938089953575471 ], [ 6.12076693469452, 44.938512104477262 ], [ 6.121608484831422, 44.938554785072228 ], [ 6.121727676334892, 44.939322670642461 ], [ 6.121143367502013, 44.940105099590745 ], [ 6.120965517829282, 44.940945098177643 ], [ 6.121982519731995, 44.941100904654874 ], [ 6.124565835575211, 44.94025471219544 ], [ 6.125002386267305, 44.940505632531774 ], [ 6.126816620351633, 44.941902827308894 ], [ 6.125667134577521, 44.942499609543006 ], [ 6.12628740697522, 44.942754876702601 ], [ 6.124393089560778, 44.943266506440089 ], [ 6.11938044168445, 44.943557184300097 ], [ 6.116833549886479, 44.943394583201133 ], [ 6.116409853004895, 44.944667615581302 ], [ 6.116812018466228, 44.946089412498445 ], [ 6.116229987125022, 44.946907475640664 ], [ 6.115995214375334, 44.947403931027893 ], [ 6.116631544746548, 44.948409885297671 ], [ 6.116720827327015, 44.949100570283989 ], [ 6.117765255261662, 44.950500398156706 ], [ 6.117962051307266, 44.951856130632393 ], [ 6.118783703501649, 44.952159618703455 ], [ 6.120315166318089, 44.954114974756543 ], [ 6.121120781127398, 44.954212134017475 ], [ 6.122105432539557, 44.956046524471965 ], [ 6.122929265183547, 44.957116060137963 ], [ 6.123411640784412, 44.957706486269572 ], [ 6.124811468579363, 44.957871830300043 ], [ 6.125340620178487, 44.957751211039607 ], [ 6.125977439487856, 44.958032019992487 ], [ 6.126846761180253, 44.958976713229148 ], [ 6.128215120875263, 44.960465521213422 ], [ 6.129995754849453, 44.961461096718708 ], [ 6.130282303446609, 44.961870640881408 ], [ 6.132025243691497, 44.962972403324571 ], [ 6.133121724599545, 44.963603093435424 ], [ 6.132709871153921, 44.965046810639322 ], [ 6.132996169829525, 44.965974937627244 ], [ 6.134340285114886, 44.966505539134026 ], [ 6.135198695488307, 44.967681216154801 ], [ 6.135889674355374, 44.967459400798013 ], [ 6.137619874492878, 44.96796835444021 ], [ 6.138299372041617, 44.968361006509703 ] ] ] ] } },
{ "type": "Feature", "properties": { "ogc_fid": 719, "code": "UP3800503", "inseedep": "38", "inseecom": "38005", "nom1": "LA PESEE", "nom2": "CLOT DU BAN LA BERCHE", "surface": 372.24, "surf_mnt": 424.23, "etage_alt": "HM", "prop_type1": "PRI", "prop_reg": "N", "usage": "O", "motif": null, "traite": "N", "transform": "N", "phae": "N", "mae": "N", "surf_mae": null, "annee_ref": "2012", "source": "FAI", "id_source": null, "aut_source": null, "prop_type2": "N", "prop_type3": "N", "faire_val1": "CPP", "faire_val2": "N", "faire_val3": "N", "dern_usage": null, "util_pasto": "IND", "origine": "13", "exploit": 1, "pension": "N", "esp_dom": "O", "date_deb": "2012-07-10", "date_fin": "2012-09-30", "duree": 85, "retour": "N", "circuit": "O", "conduite": "GAR", "parc": "N", "fauche": "N", "vente": "O", "accueil": "O", "travail": 2, "jours_trav": 155, "salarie": 1, "jours_sal": 85, "ef_ov_pat": 900, "ef_ca_pat": 20, "ef_vl_pat": 0, "ef_vat_pat": 0, "ef_gt_pat": 0, "ef_bnl_pat": 0, "ef_eq_pat": 0, "ef_au_pat": 0, "ef_ov_15j": 900, "ef_ca_15j": 20, "ef_vl_15j": 0, "ef_vat_15j": 0, "ef_gt_15j": 0, "ef_bnl_15j": 0, "ef_eq_15j": 0, "ef_au_15j": 0, "ov_com": 0, "ov_dep": 0, "ov_ext": 900, "dep1_ov": "13", "dep2_ov": "N", "ca_com": 20, "ca_dep": 0, "ca_ext": 0, "dep1_ca": "N", "dep2_ca": "N", "vl_com": 0, "vl_dep": 0, "vl_ext": 0, "dep1_vl": "N", "dep2_vl": "N", "vat_com": 0, "vat_dep": 0, "vat_ext": 0, "dep1_vat": "N", "dep2_vat": "N", "gt_com": 0, "gt_dep": 0, "gt_ext": 0, "dep1_gt": "N", "dep2_gt": "N", "bnl_com": 0, "bnl_dep": 0, "bnl_ext": 0, "dep1_bnl": "N", "dep2_bnl": "N", "eq_com": 0, "eq_dep": 0, "eq_ext": 0, "dep1_eq": "N", "dep2_eq": "N", "enqueteur": "PJC", "ogc_fid_2": null, "code_2": null, "inseedep_2": null, "inseecom_2": null, "nom1_2": null, "nom2_2": null, "surface_2": null, "surf_mnt_2": null, "etage_alt_2": null, "prop_type1_2": null, "prop_reg_2": null, "usage_2": null, "motif_2": null, "traite_2": null, "transform_2": null, "phae_2": null, "mae_2": null, "surf_mae_2": null, "annee_ref_2": null, "source_2": null, "id_source_2": null, "aut_source_2": null, "prop_type2_2": null, "prop_type3_2": null, "faire_val1_2": null, "faire_val2_2": null, "faire_val3_2": null, "dern_usage_2": null, "util_pasto_2": null, "origine_2": null, "exploit_2": null, "pension_2": null, "esp_dom_2": null, "date_deb_2": null, "date_fin_2": null, "duree_2": null, "retour_2": null, "circuit_2": null, "conduite_2": null, "parc_2": null, "fauche_2": null, "vente_2": null, "accueil_2": null, "travail_2": null, "jours_trav_2": null, "salarie_2": null, "jours_sal_2": null, "ef_ov_pat_2": null, "ef_ca_pat_2": null, "ef_vl_pat_2": null, "ef_vat_pat_2": null, "ef_gt_pat_2": null, "ef_bnl_pat_2": null, "ef_eq_pat_2": null, "ef_au_pat_2": null, "ef_ov_15j_2": null, "ef_ca_15j_2": null, "ef_vl_15j_2": null, "ef_vat_15j_2": null, "ef_gt_15j_2": null, "ef_bnl_15j_2": null, "ef_eq_15j_2": null, "ef_au_15j_2": null, "ov_com_2": null, "ov_dep_2": null, "ov_ext_2": null, "dep1_ov_2": null, "dep2_ov_2": null, "ca_com_2": null, "ca_dep_2": null, "ca_ext_2": null, "dep1_ca_2": null, "dep2_ca_2": null, "vl_com_2": null, "vl_dep_2": null, "vl_ext_2": null, "dep1_vl_2": null, "dep2_vl_2": null, "vat_com_2": null, "vat_dep_2": null, "vat_ext_2": null, "dep1_vat_2": null, "dep2_vat_2": null, "gt_com_2": null, "gt_dep_2": null, "gt_ext_2": null, "dep1_gt_2": null, "dep2_gt_2": null, "bnl_com_2": null, "bnl_dep_2": null, "bnl_ext_2": null, "dep1_bnl_2": null, "dep2_bnl_2": null, "eq_com_2": null, "eq_dep_2": null, "eq_ext_2": null, "dep1_eq_2": null, "dep2_eq_2": null, "enqueteur_2": null }, "geometry": { "type": "MultiPolygon", "coordinates": [ [ [ [ 6.036816490318101, 45.220605655527152 ], [ 6.038077721772718, 45.22053558836911 ], [ 6.038689881413606, 45.220626219428816 ], [ 6.039489353882288, 45.220016771873055 ], [ 6.039479624567922, 45.219838226000427 ], [ 6.039797006112172, 45.219471965676163 ], [ 6.04032166306175, 45.219040457737172 ], [ 6.040922407904203, 45.218457867132436 ], [ 6.041239772129361, 45.21809160281822 ], [ 6.041349858946553, 45.217790586646885 ], [ 6.041168465062114, 45.217557112559255 ], [ 6.040949836122813, 45.217414057590531 ], [ 6.041019442269818, 45.217143945959535 ], [ 6.042195085636189, 45.21705231981452 ], [ 6.041136017779479, 45.216961960475409 ], [ 6.04066801760982, 45.216885299751162 ], [ 6.040439660819262, 45.216563699060004 ], [ 6.040930294076736, 45.216282122945714 ], [ 6.040863858784503, 45.215836905494271 ], [ 6.040523796936988, 45.215786562092376 ], [ 6.039720613055739, 45.215748825773346 ], [ 6.039137617094371, 45.215109056168473 ], [ 6.038475294626291, 45.214560848691441 ], [ 6.03794577009335, 45.214128230735625 ], [ 6.036289243390247, 45.213130229039841 ], [ 6.035941104839972, 45.212931083480527 ], [ 6.035494195841221, 45.212466407010865 ], [ 6.035507149764507, 45.211929624727098 ], [ 6.035573537006243, 45.211600002409121 ], [ 6.035171983374242, 45.210418852242924 ], [ 6.03488701861831, 45.209830566199585 ], [ 6.035136371697519, 45.20898934191046 ], [ 6.034993893017478, 45.20869519854898 ], [ 6.034365675409432, 45.208771876939927 ], [ 6.033418477169548, 45.209185036404811 ], [ 6.032683370978505, 45.209622228480129 ], [ 6.031883515504696, 45.209643951223576 ], [ 6.031030243132728, 45.209458507208979 ], [ 6.030175360150768, 45.209243298972318 ], [ 6.029704208978869, 45.209107076992602 ], [ 6.029237906147827, 45.209060126235876 ], [ 6.02859352220107, 45.208839194932963 ], [ 6.027919966776124, 45.208857463515585 ], [ 6.027903816207973, 45.208559886105277 ], [ 6.028172652180046, 45.208075771290744 ], [ 6.028318425127313, 45.207654595932539 ], [ 6.028287735820292, 45.207089199124951 ], [ 6.028069180895234, 45.206946119276154 ], [ 6.02784255231588, 45.206654251258207 ], [ 6.027656406556494, 45.206331482617678 ], [ 6.027619265419717, 45.205647054888402 ], [ 6.027731016005053, 45.205375810675733 ], [ 6.027517313453122, 45.205322002964714 ], [ 6.026942400351764, 45.20477215888787 ], [ 6.026787034875171, 45.204394911459957 ], [ 6.027038353461988, 45.204054321287437 ], [ 6.027496884843559, 45.203803475699956 ], [ 6.028439776879745, 45.20377790215408 ], [ 6.029387837039241, 45.203847545644365 ], [ 6.030159829947534, 45.203159040521086 ], [ 6.030110701478435, 45.202254407536998 ], [ 6.028771653845736, 45.201194049327626 ], [ 6.026665838994315, 45.200917386119961 ], [ 6.025028883201237, 45.200580297322325 ], [ 6.02521026969973, 45.200193923863296 ], [ 6.02584757439798, 45.199509099065807 ], [ 6.026390981606385, 45.198336818930599 ], [ 6.026458324780148, 45.198334993174342 ], [ 6.024936196251597, 45.197626507972394 ], [ 6.02647215141814, 45.19734646415273 ], [ 6.027907163476648, 45.19644926688877 ], [ 6.027718231279647, 45.195453063444447 ], [ 6.02725995449951, 45.194464165189444 ], [ 6.026669404776152, 45.194766272685378 ], [ 6.025198279674238, 45.194996881576536 ], [ 6.023058908297247, 45.195340935361159 ], [ 6.02160064364477, 45.195809558698642 ], [ 6.01977215579903, 45.195668310973204 ], [ 6.018249473338627, 45.194946580563787 ], [ 6.016755143175494, 45.194748566233294 ], [ 6.012908745624139, 45.194391201614835 ], [ 6.015196557786923, 45.193299494941108 ], [ 6.015762228249764, 45.193010195175319 ], [ 6.014558257998262, 45.19240335388465 ], [ 6.013485925171253, 45.192659873502173 ], [ 6.01182499569714, 45.19312191962517 ], [ 6.009723920074969, 45.193238195069789 ], [ 6.007227660023317, 45.194086654709182 ], [ 6.005934762271542, 45.194121479314369 ], [ 6.004822061047882, 45.194053417975468 ], [ 6.004841619454118, 45.195868258295079 ], [ 6.005046311711179, 45.19666380216767 ], [ 6.005331820608911, 45.197457169303362 ], [ 6.0057604969607, 45.197903372831853 ], [ 6.005931353376984, 45.19807042730968 ], [ 6.005732980401262, 45.198894960421292 ], [ 6.005685045694885, 45.199507514066781 ], [ 6.005234010513732, 45.200149056865271 ], [ 6.0048822421067, 45.201131236022427 ], [ 6.004993828583377, 45.201700414204893 ], [ 6.005515662909467, 45.202372984750802 ], [ 6.007464534892219, 45.202492155928212 ], [ 6.008039503063859, 45.202648319800524 ], [ 6.008539817524736, 45.202920929961863 ], [ 6.009214100712804, 45.203417721823307 ], [ 6.009266486710781, 45.20438902160862 ], [ 6.011146950283869, 45.204738847782792 ], [ 6.012629498190714, 45.205213817839706 ], [ 6.013537056123093, 45.205532635517898 ], [ 6.013885035950534, 45.205980990228149 ], [ 6.013993637386032, 45.206493024939725 ], [ 6.014683448637968, 45.207275460492504 ], [ 6.015528754403898, 45.207939254992283 ], [ 6.016367903438515, 45.208488773983326 ], [ 6.017284804785477, 45.208978966595218 ], [ 6.01742743562954, 45.210119484492722 ], [ 6.017899576595334, 45.211365534973261 ], [ 6.017697262877003, 45.212114846224964 ], [ 6.018203890426361, 45.212501683788403 ], [ 6.019354096301543, 45.212813898687585 ], [ 6.02016242265077, 45.212792037882934 ], [ 6.024700362147807, 45.21377883600087 ], [ 6.025662048161031, 45.214828269004634 ], [ 6.026279257960771, 45.215482593119006 ], [ 6.027275801645858, 45.216089235166599 ], [ 6.027924325869497, 45.216401115330882 ], [ 6.028064543768076, 45.216468546585986 ], [ 6.029120395428595, 45.217198054561081 ], [ 6.029800310093082, 45.217850278353787 ], [ 6.031130495665493, 45.217470032058621 ], [ 6.032308084454546, 45.217724157220495 ], [ 6.033085369957088, 45.218060667676603 ], [ 6.033722741787807, 45.218615545742679 ], [ 6.034167735553591, 45.219354457979847 ], [ 6.034352337352765, 45.219957396684755 ], [ 6.03446504615101, 45.220168906776685 ], [ 6.034783748719412, 45.220446342013268 ], [ 6.035152982252158, 45.22072240398866 ], [ 6.035384240941158, 45.221252549534803 ], [ 6.035413390452224, 45.221788187502021 ], [ 6.035623276558431, 45.221925531363041 ], [ 6.03626264854896, 45.221586290494741 ], [ 6.036532768480686, 45.220970991530933 ], [ 6.036816490318101, 45.220605655527152 ] ] ] ] } },
{ "type": "Feature", "properties": { "ogc_fid": 740, "code": "UP3852706", "inseedep": "38", "inseecom": "38527", "nom1": "ANE ET BUYANT", "nom2": "AGNELIN", "surface": 756.54, "surf_mnt": 860.56, "etage_alt": "HM", "prop_type1": "PRI", "prop_reg": "N", "usage": "O", "motif": null, "traite": "N", "transform": "N", "phae": "O", "mae": "N", "surf_mae": null, "annee_ref": "2012", "source": "FAI", "id_source": null, "aut_source": null, "prop_type2": "N", "prop_type3": "N", "faire_val1": "CPP", "faire_val2": "N", "faire_val3": "N", "dern_usage": null, "util_pasto": "GP", "origine": "13", "exploit": 3, "pension": "N", "esp_dom": "O", "date_deb": "2012-07-15", "date_fin": "2012-08-31", "duree": 47, "retour": "N", "circuit": "N", "conduite": "GAR", "parc": "N", "fauche": "N", "vente": "N", "accueil": "N", "travail": 2, "jours_trav": 50, "salarie": 1, "jours_sal": 45, "ef_ov_pat": 1600, "ef_ca_pat": 0, "ef_vl_pat": 0, "ef_vat_pat": 0, "ef_gt_pat": 0, "ef_bnl_pat": 0, "ef_eq_pat": 0, "ef_au_pat": 0, "ef_ov_15j": 1600, "ef_ca_15j": 0, "ef_vl_15j": 0, "ef_vat_15j": 0, "ef_gt_15j": 0, "ef_bnl_15j": 0, "ef_eq_15j": 0, "ef_au_15j": 0, "ov_com": 0, "ov_dep": 0, "ov_ext": 1600, "dep1_ov": "13", "dep2_ov": "N", "ca_com": 0, "ca_dep": 0, "ca_ext": 0, "dep1_ca": "N", "dep2_ca": "N", "vl_com": 0, "vl_dep": 0, "vl_ext": 0, "dep1_vl": "N", "dep2_vl": "N", "vat_com": 0, "vat_dep": 0, "vat_ext": 0, "dep1_vat": "N", "dep2_vat": "N", "gt_com": 0, "gt_dep": 0, "gt_ext": 0, "dep1_gt": "N", "dep2_gt": "N", "bnl_com": 0, "bnl_dep": 0, "bnl_ext": 0, "dep1_bnl": "N", "dep2_bnl": "N", "eq_com": 0, "eq_dep": 0, "eq_ext": 0, "dep1_eq": "N", "dep2_eq": "N", "enqueteur": "CMR", "ogc_fid_2": null, "code_2": null, "inseedep_2": null, "inseecom_2": null, "nom1_2": null, "nom2_2": null, "surface_2": null, "surf_mnt_2": null, "etage_alt_2": null, "prop_type1_2": null, "prop_reg_2": null, "usage_2": null, "motif_2": null, "traite_2": null, "transform_2": null, "phae_2": null, "mae_2": null, "surf_mae_2": null, "annee_ref_2": null, "source_2": null, "id_source_2": null, "aut_source_2": null, "prop_type2_2": null, "prop_type3_2": null, "faire_val1_2": null, "faire_val2_2": null, "faire_val3_2": null, "dern_usage_2": null, "util_pasto_2": null, "origine_2": null, "exploit_2": null, "pension_2": null, "esp_dom_2": null, "date_deb_2": null, "date_fin_2": null, "duree_2": null, "retour_2": null, "circuit_2": null, "conduite_2": null, "parc_2": null, "fauche_2": null, "vente_2": null, "accueil_2": null, "travail_2": null, "jours_trav_2": null, "salarie_2": null, "jours_sal_2": null, "ef_ov_pat_2": null, "ef_ca_pat_2": null, "ef_vl_pat_2": null, "ef_vat_pat_2": null, "ef_gt_pat_2": null, "ef_bnl_pat_2": null, "ef_eq_pat_2": null, "ef_au_pat_2": null, "ef_ov_15j_2": null, "ef_ca_15j_2": null, "ef_vl_15j_2": null, "ef_vat_15j_2": null, "ef_gt_15j_2": null, "ef_bnl_15j_2": null, "ef_eq_15j_2": null, "ef_au_15j_2": null, "ov_com_2": null, "ov_dep_2": null, "ov_ext_2": null, "dep1_ov_2": null, "dep2_ov_2": null, "ca_com_2": null, "ca_dep_2": null, "ca_ext_2": null, "dep1_ca_2": null, "dep2_ca_2": null, "vl_com_2": null, "vl_dep_2": null, "vl_ext_2": null, "dep1_vl_2": null, "dep2_vl_2": null, "vat_com_2": null, "vat_dep_2": null, "vat_ext_2": null, "dep1_vat_2": null, "dep2_vat_2": null, "gt_com_2": null, "gt_dep_2": null, "gt_ext_2": null, "dep1_gt_2": null, "dep2_gt_2": null, "bnl_com_2": null, "bnl_dep_2": null, "bnl_ext_2": null, "dep1_bnl_2": null, "dep2_bnl_2": null, "eq_com_2": null, "eq_dep_2": null, "eq_ext_2": null, "dep1_eq_2": null, "dep2_eq_2": null, "enqueteur_2": null }, "geometry": { "type": "MultiPolygon", "coordinates": [ [ [ [ 6.131097535928061, 45.228288485547168 ], [ 6.132169209784129, 45.227945444281261 ], [ 6.134048013502904, 45.22653061885741 ], [ 6.135091989872937, 45.225954271944822 ], [ 6.136989382324345, 45.225803738981249 ], [ 6.137627059934531, 45.225798679198789 ], [ 6.137792111394238, 45.225549976530189 ], [ 6.137425993547852, 45.225223576575651 ], [ 6.137947064358083, 45.2248583931148 ], [ 6.138242891368702, 45.22450414075378 ], [ 6.138606904002192, 45.224041815611898 ], [ 6.138793753608137, 45.223584572334254 ], [ 6.138580786160604, 45.222936552214648 ], [ 6.136761887542639, 45.22222430657343 ], [ 6.135741967258753, 45.221299972803962 ], [ 6.134346133463035, 45.22047486769155 ], [ 6.132617828326515, 45.217483444033888 ], [ 6.131162003976022, 45.215587074846169 ], [ 6.130823879594912, 45.214821676328903 ], [ 6.130090733576706, 45.214111126636894 ], [ 6.128699247091765, 45.213778516796232 ], [ 6.127745098120511, 45.212553521000267 ], [ 6.126704725968863, 45.212046206416865 ], [ 6.125344266989247, 45.211845872009924 ], [ 6.122905183988037, 45.210453775269116 ], [ 6.120558399424002, 45.209465858653758 ], [ 6.118271989127107, 45.208517745442663 ], [ 6.116273798212625, 45.208518673571717 ], [ 6.114999004629103, 45.209368900703453 ], [ 6.11458820843662, 45.210324901463544 ], [ 6.111644979198371, 45.210424940371773 ], [ 6.112645894176524, 45.212543257217533 ], [ 6.113030374610602, 45.21401082047209 ], [ 6.111503037822943, 45.21486320085117 ], [ 6.111472692508634, 45.215997013730608 ], [ 6.110702528603736, 45.217065682762339 ], [ 6.110438010929808, 45.21501396380971 ], [ 6.11052402044997, 45.213199560509075 ], [ 6.110421011357576, 45.211683972671288 ], [ 6.107856569556111, 45.21177103278108 ], [ 6.105371847517593, 45.211170254616981 ], [ 6.103509636384506, 45.210808306816595 ], [ 6.101842619951629, 45.210483545973524 ], [ 6.099970062701151, 45.211900447199213 ], [ 6.098891719998224, 45.213099798869358 ], [ 6.098352454583316, 45.213499313590894 ], [ 6.096236500896974, 45.214510720538712 ], [ 6.093104695480796, 45.214858726949558 ], [ 6.093334343191851, 45.215861295640686 ], [ 6.094421930824907, 45.217164246863092 ], [ 6.093771740584644, 45.21899523798065 ], [ 6.095306169336073, 45.219320857784737 ], [ 6.097475383872819, 45.220259163406169 ], [ 6.099313764243504, 45.219171100460983 ], [ 6.100765190416376, 45.219693840210944 ], [ 6.10041715114177, 45.22052771771142 ], [ 6.10140274797662, 45.221638115331523 ], [ 6.100593993218228, 45.222267249434537 ], [ 6.099041161317571, 45.22217060605923 ], [ 6.099498966935037, 45.222955752450666 ], [ 6.099720383669008, 45.223834684477225 ], [ 6.100545185472487, 45.224995863007472 ], [ 6.100872462359385, 45.225311181122521 ], [ 6.10059984690634, 45.225801905871421 ], [ 6.10005869388238, 45.226139384041993 ], [ 6.100247249590298, 45.226533322331179 ], [ 6.102152588773009, 45.227541086600553 ], [ 6.103948912219962, 45.227179975407431 ], [ 6.105374138454957, 45.226717038919084 ], [ 6.107086929934526, 45.226616059272224 ], [ 6.107999115685431, 45.226642302378529 ], [ 6.109493398993433, 45.226005400087189 ], [ 6.109990885614867, 45.225645376640131 ], [ 6.110786976915353, 45.225540434919836 ], [ 6.111013494306969, 45.225510574330933 ], [ 6.112117178589587, 45.22561606341781 ], [ 6.113237829605484, 45.225792453163983 ], [ 6.114076986929673, 45.225578071234047 ], [ 6.11582038566514, 45.225332940993738 ], [ 6.117453133455411, 45.224948573226925 ], [ 6.119077416642289, 45.225093473772041 ], [ 6.120786155558375, 45.224577793450344 ], [ 6.121229574611352, 45.224019393489307 ], [ 6.123348843330928, 45.22394720957741 ], [ 6.123430049763648, 45.223358248401588 ], [ 6.123585175903933, 45.222666685201261 ], [ 6.12367780421533, 45.221948657421613 ], [ 6.124367910571586, 45.22198233015957 ], [ 6.125323314302812, 45.222049847803902 ], [ 6.125305858201988, 45.222979777719466 ], [ 6.124549862866834, 45.223463063874419 ], [ 6.124889600546073, 45.223994788168461 ], [ 6.124562310625824, 45.22453494903516 ], [ 6.124384805514934, 45.224898434139618 ], [ 6.123629497458256, 45.225095741379718 ], [ 6.123736433971663, 45.225519665867495 ], [ 6.123364936550329, 45.225962601912698 ], [ 6.122604018499995, 45.226374554436276 ], [ 6.122478292055722, 45.226607596267613 ], [ 6.120757985120822, 45.226894936242324 ], [ 6.119894677188851, 45.226695564853301 ], [ 6.119434380310651, 45.225581735253066 ], [ 6.116523428618469, 45.225835880143585 ], [ 6.115079770167397, 45.226819061638786 ], [ 6.111795361865677, 45.226632484117779 ], [ 6.110641075837497, 45.226470485454662 ], [ 6.109239186345149, 45.226854446679702 ], [ 6.10833499168715, 45.227557868317973 ], [ 6.107189318252741, 45.227411077999548 ], [ 6.106494998984443, 45.227081695279409 ], [ 6.10577711992367, 45.227668667415251 ], [ 6.10481208046403, 45.227542198823237 ], [ 6.103035063498849, 45.227725646847205 ], [ 6.104097709723917, 45.22877622931928 ], [ 6.101964220456116, 45.230314216221913 ], [ 6.101530064786824, 45.231072380224781 ], [ 6.101010164286383, 45.232157518294215 ], [ 6.100436242532454, 45.232844158375599 ], [ 6.100599228627834, 45.234211052349572 ], [ 6.102260538881761, 45.234827517897706 ], [ 6.103784704012647, 45.234842940986034 ], [ 6.105177036476595, 45.234723294801221 ], [ 6.106871716182599, 45.235047094801047 ], [ 6.109710807470934, 45.232758508203389 ], [ 6.111297481084049, 45.2333096749581 ], [ 6.112293061713014, 45.233948598731132 ], [ 6.111165730280804, 45.235111076755913 ], [ 6.110081402078465, 45.235032803017617 ], [ 6.107732229748672, 45.235548986993173 ], [ 6.106408301022456, 45.236168471967623 ], [ 6.106556018539224, 45.236754419799006 ], [ 6.10752420383833, 45.237503172944315 ], [ 6.108917482802832, 45.237360589335275 ], [ 6.110976992030269, 45.236699728666771 ], [ 6.112153596685002, 45.236105678717756 ], [ 6.113343451109163, 45.235392522104384 ], [ 6.114480925276153, 45.235856309661813 ], [ 6.114180249785072, 45.236508361696224 ], [ 6.111878370270336, 45.237662732429875 ], [ 6.108683657649626, 45.238683882195033 ], [ 6.108437180203065, 45.239771752635711 ], [ 6.109229650306131, 45.240762306047245 ], [ 6.109850744087365, 45.241448962012306 ], [ 6.111455083263786, 45.241474065709163 ], [ 6.114261866788742, 45.240573971575891 ], [ 6.113963971718492, 45.241618407419132 ], [ 6.115837418097248, 45.241682517999074 ], [ 6.116433004116695, 45.241146731539317 ], [ 6.117842610841319, 45.240450647924199 ], [ 6.118865547109761, 45.240415852558058 ], [ 6.119629967173223, 45.240942680856008 ], [ 6.11901853775983, 45.241678482040072 ], [ 6.119442583947999, 45.242451139211568 ], [ 6.119946345724437, 45.243261900012072 ], [ 6.121816591650193, 45.243794571278087 ], [ 6.12428978837313, 45.243883928290614 ], [ 6.125410279432084, 45.243391171994816 ], [ 6.126402565289998, 45.241282370469897 ], [ 6.127197068530274, 45.239678668326412 ], [ 6.12725166283317, 45.238596496804206 ], [ 6.126778173337786, 45.238207136657834 ], [ 6.126821438210433, 45.237557682750953 ], [ 6.126556283137951, 45.236818657424031 ], [ 6.126334764668045, 45.236376339377642 ], [ 6.126498809973286, 45.235784676098199 ], [ 6.126715551600899, 45.235237647536344 ], [ 6.127011354238178, 45.233966684400187 ], [ 6.126916523081264, 45.233519016236471 ], [ 6.126647694329431, 45.233303247461002 ], [ 6.12645957075343, 45.232408888783191 ], [ 6.126574896361626, 45.232044853606133 ], [ 6.126667899866176, 45.231546413043176 ], [ 6.127009734341384, 45.230949717880712 ], [ 6.12755464154337, 45.230525632359388 ], [ 6.128056958943039, 45.23041873059821 ], [ 6.1285346569258, 45.229951532335015 ], [ 6.129276577219434, 45.229611515149941 ], [ 6.129832237588514, 45.229366585261957 ], [ 6.130303862307869, 45.228810849625148 ], [ 6.130428962830158, 45.228761180031277 ], [ 6.131097535928061, 45.228288485547168 ] ] ] ] } },
{ "type": "Feature", "properties": { "ogc_fid": 1115, "code": "UP7308601", "inseedep": "73", "inseecom": "73086", "nom1": "ORISAN", "nom2": null, "surface": 105.2, "surf_mnt": 121.32, "etage_alt": "MM", "prop_type1": "PRI", "prop_reg": "N", "usage": "O", "motif": null, "traite": "N", "transform": "N", "phae": "N", "mae": "N", "surf_mae": null, "annee_ref": "2011", "source": "SEA73", "id_source": null, "aut_source": null, "prop_type2": "N", "prop_type3": "N", "faire_val1": "CPP", "faire_val2": "N", "faire_val3": "N", "dern_usage": null, "util_pasto": "IND", "origine": "01", "exploit": 1, "pension": "N", "esp_dom": "O", "date_deb": "2012-06-15", "date_fin": "2012-09-10", "duree": 87, "retour": "N", "circuit": "N", "conduite": "GAR", "parc": "N", "fauche": "N", "vente": "N", "accueil": "N", "travail": 2, "jours_trav": 120, "salarie": 0, "jours_sal": 0, "ef_ov_pat": 300, "ef_ca_pat": 0, "ef_vl_pat": 0, "ef_vat_pat": 0, "ef_gt_pat": 0, "ef_bnl_pat": 0, "ef_eq_pat": 0, "ef_au_pat": 0, "ef_ov_15j": 300, "ef_ca_15j": 0, "ef_vl_15j": 0, "ef_vat_15j": 0, "ef_gt_15j": 0, "ef_bnl_15j": 0, "ef_eq_15j": 0, "ef_au_15j": 0, "ov_com": 0, "ov_dep": 0, "ov_ext": 300, "dep1_ov": "01", "dep2_ov": "N", "ca_com": 0, "ca_dep": 0, "ca_ext": 0, "dep1_ca": "N", "dep2_ca": "N", "vl_com": 0, "vl_dep": 0, "vl_ext": 0, "dep1_vl": "N", "dep2_vl": "N", "vat_com": 0, "vat_dep": 0, "vat_ext": 0, "dep1_vat": "N", "dep2_vat": "N", "gt_com": 0, "gt_dep": 0, "gt_ext": 0, "dep1_gt": "N", "dep2_gt": "N", "bnl_com": 0, "bnl_dep": 0, "bnl_ext": 0, "dep1_bnl": "N", "dep2_bnl": "N", "eq_com": 0, "eq_dep": 0, "eq_ext": 0, "dep1_eq": "N", "dep2_eq": "N", "enqueteur": "RMFE", "ogc_fid_2": null, "code_2": null, "inseedep_2": null, "inseecom_2": null, "nom1_2": null, "nom2_2": null, "surface_2": null, "surf_mnt_2": null, "etage_alt_2": null, "prop_type1_2": null, "prop_reg_2": null, "usage_2": null, "motif_2": null, "traite_2": null, "transform_2": null, "phae_2": null, "mae_2": null, "surf_mae_2": null, "annee_ref_2": null, "source_2": null, "id_source_2": null, "aut_source_2": null, "prop_type2_2": null, "prop_type3_2": null, "faire_val1_2": null, "faire_val2_2": null, "faire_val3_2": null, "dern_usage_2": null, "util_pasto_2": null, "origine_2": null, "exploit_2": null, "pension_2": null, "esp_dom_2": null, "date_deb_2": null, "date_fin_2": null, "duree_2": null, "retour_2": null, "circuit_2": null, "conduite_2": null, "parc_2": null, "fauche_2": null, "vente_2": null, "accueil_2": null, "travail_2": null, "jours_trav_2": null, "salarie_2": null, "jours_sal_2": null, "ef_ov_pat_2": null, "ef_ca_pat_2": null, "ef_vl_pat_2": null, "ef_vat_pat_2": null, "ef_gt_pat_2": null, "ef_bnl_pat_2": null, "ef_eq_pat_2": null, "ef_au_pat_2": null, "ef_ov_15j_2": null, "ef_ca_15j_2": null, "ef_vl_15j_2": null, "ef_vat_15j_2": null, "ef_gt_15j_2": null, "ef_bnl_15j_2": null, "ef_eq_15j_2": null, "ef_au_15j_2": null, "ov_com_2": null, "ov_dep_2": null, "ov_ext_2": null, "dep1_ov_2": null, "dep2_ov_2": null, "ca_com_2": null, "ca_dep_2": null, "ca_ext_2": null, "dep1_ca_2": null, "dep2_ca_2": null, "vl_com_2": null, "vl_dep_2": null, "vl_ext_2": null, "dep1_vl_2": null, "dep2_vl_2": null, "vat_com_2": null, "vat_dep_2": null, "vat_ext_2": null, "dep1_vat_2": null, "dep2_vat_2": null, "gt_com_2": null, "gt_dep_2": null, "gt_ext_2": null, "dep1_gt_2": null, "dep2_gt_2": null, "bnl_com_2": null, "bnl_dep_2": null, "bnl_ext_2": null, "dep1_bnl_2": null, "dep2_bnl_2": null, "eq_com_2": null, "eq_dep_2": null, "eq_ext_2": null, "dep1_eq_2": null, "dep2_eq_2": null, "enqueteur_2": null }, "geometry": { "type": "MultiPolygon", "coordinates": [ [ [ [ 6.260715705049949, 45.648282789383217 ], [ 6.260092555485326, 45.648602872595468 ], [ 6.26029324209723, 45.649024124034923 ], [ 6.26026979379054, 45.649645178652932 ], [ 6.260114548561169, 45.6501098547254 ], [ 6.260336756255025, 45.650358001600971 ], [ 6.260149779329479, 45.651079723269326 ], [ 6.259802323401186, 45.651448964378119 ], [ 6.259753623639535, 45.651963573724338 ], [ 6.259956096355722, 45.652182497930134 ], [ 6.260129944592137, 45.652474648522059 ], [ 6.260549228686624, 45.65263849654707 ], [ 6.260978368039417, 45.65244492806292 ], [ 6.261560735753371, 45.65250191655597 ], [ 6.261619655541348, 45.652874471117769 ], [ 6.261662053588971, 45.653469473583094 ], [ 6.261517525641857, 45.653836776444734 ], [ 6.261337038551418, 45.654112454646523 ], [ 6.260931674325622, 45.65418547795521 ], [ 6.260736848181892, 45.654776422388125 ], [ 6.26059935089252, 45.655242540485887 ], [ 6.260416576550851, 45.655527584153099 ], [ 6.260025351527292, 45.655778650745468 ], [ 6.260359510225686, 45.65617252285756 ], [ 6.26056198213716, 45.656618471556115 ], [ 6.260472340390319, 45.657033381748732 ], [ 6.260523326902295, 45.657501158590776 ], [ 6.260779975973812, 45.658005065082818 ], [ 6.260949050558415, 45.658725672914599 ], [ 6.261076387749343, 45.659066927900234 ], [ 6.261632246940546, 45.659287911778371 ], [ 6.261753059620386, 45.659496267504487 ], [ 6.262253655026022, 45.659747041322859 ], [ 6.262168277748384, 45.660077184052369 ], [ 6.261611066093484, 45.660374316907074 ], [ 6.261423729947847, 45.660616180067841 ], [ 6.261371373318315, 45.661058679435072 ], [ 6.261571603340972, 45.66149336349141 ], [ 6.26206266413363, 45.661940554365096 ], [ 6.262437244260145, 45.662178199107679 ], [ 6.262501469564364, 45.662604233680064 ], [ 6.26288001086124, 45.663145150764549 ], [ 6.26336074755291, 45.663694865105683 ], [ 6.263601302305614, 45.663972298302625 ], [ 6.2640179691627, 45.664510844951131 ], [ 6.264667711187125, 45.664623259124319 ], [ 6.268192800820118, 45.664499587799433 ], [ 6.268073621531132, 45.664005312528822 ], [ 6.267875962805636, 45.663380660241685 ], [ 6.26726248121613, 45.663116324264436 ], [ 6.266904682987909, 45.662866752716077 ], [ 6.266788976518476, 45.66266853677854 ], [ 6.266184831460646, 45.662307895771796 ], [ 6.265882749835394, 45.661890206822974 ], [ 6.265570462437536, 45.661329423967054 ], [ 6.265144931400317, 45.660831453666319 ], [ 6.264727103503361, 45.660214518513982 ], [ 6.264293288078917, 45.659847881997564 ], [ 6.264073155963495, 45.659629602489893 ], [ 6.264442435572891, 45.659318396129756 ], [ 6.265082215733215, 45.659725272978676 ], [ 6.266126680514993, 45.660296489762757 ], [ 6.267201748104029, 45.660347524698452 ], [ 6.267839360194134, 45.660785425894332 ], [ 6.268472282549903, 45.661219350263941 ], [ 6.268881386974158, 45.66146609267588 ], [ 6.269221968507759, 45.661289008291753 ], [ 6.269150993795387, 45.660562910168828 ], [ 6.268851541762402, 45.660141006716216 ], [ 6.268698387159917, 45.659727390099455 ], [ 6.269401357828833, 45.659740894065173 ], [ 6.269683421401095, 45.659527691248911 ], [ 6.269639863880071, 45.659185560582912 ], [ 6.269305163663433, 45.658620418715387 ], [ 6.269053642312441, 45.658107052360904 ], [ 6.269288266922598, 45.65768291982144 ], [ 6.269698964293278, 45.657251562258331 ], [ 6.270139358662533, 45.657236098387337 ], [ 6.270331493498991, 45.657062169725101 ], [ 6.270387530420882, 45.656754727427177 ], [ 6.270606201917943, 45.656251681799624 ], [ 6.270570024568132, 45.655745209452469 ], [ 6.270442141413834, 45.655520593065951 ], [ 6.270221825906997, 45.655052575047307 ], [ 6.270081430446236, 45.654508484686396 ], [ 6.270065351713431, 45.653829982699349 ], [ 6.269740481677696, 45.653566883342521 ], [ 6.269639021906825, 45.653320697601409 ], [ 6.26947445548156, 45.653159296787564 ], [ 6.269116074281441, 45.653148141721509 ], [ 6.269001195513622, 45.652961251321337 ], [ 6.269072736789684, 45.652767818739534 ], [ 6.26917046779164, 45.652467169105819 ], [ 6.269122277810856, 45.652039545131025 ], [ 6.269019166930825, 45.651316634627641 ], [ 6.269159916273623, 45.6511445067881 ], [ 6.269634652709996, 45.650889447718598 ], [ 6.269988806835321, 45.650614881713061 ], [ 6.269757236538017, 45.650401137131041 ], [ 6.268877739480567, 45.650510452872631 ], [ 6.268141432271306, 45.650667370961891 ], [ 6.268072278002137, 45.6504200476734 ], [ 6.268054057322858, 45.650144108361012 ], [ 6.268484610767588, 45.649867905074544 ], [ 6.269355064897018, 45.649714522195026 ], [ 6.269902241307735, 45.649629262098941 ], [ 6.270402493089264, 45.649278348484195 ], [ 6.270454371499169, 45.649180559632107 ], [ 6.270276808872019, 45.648898860113256 ], [ 6.270057596724887, 45.64883742063877 ], [ 6.269933914010897, 45.648650841360791 ], [ 6.269641228539924, 45.648508386587196 ], [ 6.269028816032526, 45.648586654660079 ], [ 6.268696547807916, 45.648920299125749 ], [ 6.268226890098671, 45.649246397055784 ], [ 6.267612862242557, 45.649446481378945 ], [ 6.267511648573747, 45.649224026161086 ], [ 6.267382382632547, 45.648835374269062 ], [ 6.267056746959016, 45.648560934949714 ], [ 6.266751452788575, 45.648571655391599 ], [ 6.265927323816803, 45.64889985065706 ], [ 6.265204750985951, 45.649042850503903 ], [ 6.264496256139532, 45.64911517559721 ], [ 6.264476804625592, 45.648842372281479 ], [ 6.264488475104132, 45.64853133621547 ], [ 6.263735222191531, 45.648450426667168 ], [ 6.26347198110177, 45.648328588116989 ], [ 6.262332570603808, 45.648321063849536 ], [ 6.261920067630801, 45.648251937414088 ], [ 6.261390432691028, 45.648211673954251 ], [ 6.260715705049949, 45.648282789383217 ] ] ] ] } },
{ "type": "Feature", "properties": { "ogc_fid": 1169, "code": "UP0422603", "inseedep": "04", "inseecom": "04226", "nom1": "LA CAYOLLE", "nom2": null, "surface": 1654.29, "surf_mnt": 1913.78, "etage_alt": "HM", "prop_type1": "COM", "prop_reg": "N", "usage": "O", "motif": null, "traite": "N", "transform": "N", "phae": "N", "mae": "O", "surf_mae": 80.0, "annee_ref": "2013", "source": "CERPAM", "id_source": null, "aut_source": null, "prop_type2": "PRI", "prop_type3": "N", "faire_val1": "CPP", "faire_val2": "N", "faire_val3": "N", "dern_usage": null, "util_pasto": "GP", "origine": "13", "exploit": 4, "pension": "N", "esp_dom": "O", "date_deb": "2013-06-20", "date_fin": "2013-09-25", "duree": 97, "retour": "N", "circuit": "N", "conduite": "GAR", "parc": "N", "fauche": "N", "vente": "N", "accueil": "N", "travail": 2, "jours_trav": 105, "salarie": 1, "jours_sal": 98, "ef_ov_pat": 1250, "ef_ca_pat": 0, "ef_vl_pat": 0, "ef_vat_pat": 0, "ef_gt_pat": 0, "ef_bnl_pat": 0, "ef_eq_pat": 0, "ef_au_pat": 0, "ef_ov_15j": 1250, "ef_ca_15j": 0, "ef_vl_15j": 0, "ef_vat_15j": 0, "ef_gt_15j": 0, "ef_bnl_15j": 0, "ef_eq_15j": 0, "ef_au_15j": 0, "ov_com": 0, "ov_dep": 50, "ov_ext": 1200, "dep1_ov": "13", "dep2_ov": "N", "ca_com": 0, "ca_dep": 0, "ca_ext": 0, "dep1_ca": "N", "dep2_ca": "N", "vl_com": 0, "vl_dep": 0, "vl_ext": 0, "dep1_vl": "N", "dep2_vl": "N", "vat_com": 0, "vat_dep": 0, "vat_ext": 0, "dep1_vat": "N", "dep2_vat": "N", "gt_com": 0, "gt_dep": 0, "gt_ext": 0, "dep1_gt": "N", "dep2_gt": "N", "bnl_com": 0, "bnl_dep": 0, "bnl_ext": 0, "dep1_bnl": "N", "dep2_bnl": "N", "eq_com": 0, "eq_dep": 0, "eq_ext": 0, "dep1_eq": "N", "dep2_eq": "N", "enqueteur": "CL", "ogc_fid_2": null, "code_2": null, "inseedep_2": null, "inseecom_2": null, "nom1_2": null, "nom2_2": null, "surface_2": null, "surf_mnt_2": null, "etage_alt_2": null, "prop_type1_2": null, "prop_reg_2": null, "usage_2": null, "motif_2": null, "traite_2": null, "transform_2": null, "phae_2": null, "mae_2": null, "surf_mae_2": null, "annee_ref_2": null, "source_2": null, "id_source_2": null, "aut_source_2": null, "prop_type2_2": null, "prop_type3_2": null, "faire_val1_2": null, "faire_val2_2": null, "faire_val3_2": null, "dern_usage_2": null, "util_pasto_2": null, "origine_2": null, "exploit_2": null, "pension_2": null, "esp_dom_2": null, "date_deb_2": null, "date_fin_2": null, "duree_2": null, "retour_2": null, "circuit_2": null, "conduite_2": null, "parc_2": null, "fauche_2": null, "vente_2": null, "accueil_2": null, "travail_2": null, "jours_trav_2": null, "salarie_2": null, "jours_sal_2": null, "ef_ov_pat_2": null, "ef_ca_pat_2": null, "ef_vl_pat_2": null, "ef_vat_pat_2": null, "ef_gt_pat_2": null, "ef_bnl_pat_2": null, "ef_eq_pat_2": null, "ef_au_pat_2": null, "ef_ov_15j_2": null, "ef_ca_15j_2": null, "ef_vl_15j_2": null, "ef_vat_15j_2": null, "ef_gt_15j_2": null, "ef_bnl_15j_2": null, "ef_eq_15j_2": null, "ef_au_15j_2": null, "ov_com_2": null, "ov_dep_2": null, "ov_ext_2": null, "dep1_ov_2": null, "dep2_ov_2": null, "ca_com_2": null, "ca_dep_2": null, "ca_ext_2": null, "dep1_ca_2": null, "dep2_ca_2": null, "vl_com_2": null, "vl_dep_2": null, "vl_ext_2": null, "dep1_vl_2": null, "dep2_vl_2": null, "vat_com_2": null, "vat_dep_2": null, "vat_ext_2": null, "dep1_vat_2": null, "dep2_vat_2": null, "gt_com_2": null, "gt_dep_2": null, "gt_ext_2": null, "dep1_gt_2": null, "dep2_gt_2": null, "bnl_com_2": null, "bnl_dep_2": null, "bnl_ext_2": null, "dep1_bnl_2": null, "dep2_bnl_2": null, "eq_com_2": null, "eq_dep_2": null, "eq_ext_2": null, "dep1_eq_2": null, "dep2_eq_2": null, "enqueteur_2": null }, "geometry": { "type": "MultiPolygon", "coordinates": [ [ [ [ 6.7438787217637, 44.25924295186158 ], [ 6.742646162003222, 44.258911787632819 ], [ 6.741368596276516, 44.258351074569852 ], [ 6.740465292971986, 44.256950452116243 ], [ 6.740108852105696, 44.256162033954844 ], [ 6.739279459097832, 44.255708722543595 ], [ 6.73912319604171, 44.254849071257937 ], [ 6.738948771042327, 44.253735454649245 ], [ 6.737946850674818, 44.25295163313708 ], [ 6.736620952266665, 44.252539747493373 ], [ 6.736134134832134, 44.252707635283173 ], [ 6.735199668776758, 44.252407146402398 ], [ 6.733585722545425, 44.252070460804326 ], [ 6.732229574156694, 44.252019445234758 ], [ 6.731270905376857, 44.251804607887344 ], [ 6.730046977956015, 44.251579349796465 ], [ 6.729214631160625, 44.252203698848206 ], [ 6.728107315712661, 44.252713666652618 ], [ 6.727286873718423, 44.253887657410509 ], [ 6.726028608301551, 44.254720700122427 ], [ 6.725386602029459, 44.25516883635531 ], [ 6.724643562218193, 44.25581158864788 ], [ 6.723389933915973, 44.256326469770421 ], [ 6.722930242015456, 44.257233607752568 ], [ 6.722202294002265, 44.258085426331682 ], [ 6.72160616250337, 44.25910351549836 ], [ 6.722685614437334, 44.260138415744002 ], [ 6.723758138396216, 44.261067210446413 ], [ 6.724261938525605, 44.261871127082614 ], [ 6.724322507611473, 44.263031566274485 ], [ 6.72362641046162, 44.263545937709964 ], [ 6.723023836036288, 44.264098030291265 ], [ 6.721567489765961, 44.263521679135344 ], [ 6.719662394518699, 44.263239633457744 ], [ 6.717748286665108, 44.263210397885395 ], [ 6.71647567404478, 44.263113409008476 ], [ 6.716044784345968, 44.262856029838311 ], [ 6.714184751896248, 44.262761512776699 ], [ 6.713275121969764, 44.262797391135813 ], [ 6.7119630987406, 44.263315132170511 ], [ 6.710545723984737, 44.264006137839552 ], [ 6.708828352234393, 44.264244104419269 ], [ 6.707027168764949, 44.26452781459669 ], [ 6.705624295777293, 44.265006625312758 ], [ 6.704115982181017, 44.265657672214807 ], [ 6.704275923484291, 44.266603119435665 ], [ 6.703782505745021, 44.267805761140615 ], [ 6.704577085566266, 44.268577462050679 ], [ 6.704858876249097, 44.27032037202639 ], [ 6.704564242555167, 44.272213598999059 ], [ 6.705545245514871, 44.272744874994579 ], [ 6.706235932261955, 44.273667302421025 ], [ 6.707722797433355, 44.274643620616665 ], [ 6.708531424724429, 44.275214432250671 ], [ 6.708869448452147, 44.276531139844863 ], [ 6.709236748822833, 44.277468563489187 ], [ 6.709953197685124, 44.278369655181038 ], [ 6.710372372946606, 44.278838077853798 ], [ 6.709723741824223, 44.280343522381145 ], [ 6.709552591995709, 44.281555761230777 ], [ 6.709772264050264, 44.282476701796803 ], [ 6.708218541389144, 44.283701886886725 ], [ 6.707591941990984, 44.285480584252255 ], [ 6.706978542569703, 44.287048213516144 ], [ 6.705852136180805, 44.288846834032114 ], [ 6.704416631854448, 44.290447291478529 ], [ 6.70435866440081, 44.29175999396157 ], [ 6.704550969696406, 44.291805652790131 ], [ 6.704130158291475, 44.292815684282559 ], [ 6.704383728322029, 44.293820357541534 ], [ 6.705389975607086, 44.294666731640156 ], [ 6.706182151487321, 44.295395583673013 ], [ 6.707083950174542, 44.29601542189112 ], [ 6.707710532264327, 44.296497312260357 ], [ 6.70874198704033, 44.296139409722265 ], [ 6.710187850722796, 44.296588514170431 ], [ 6.711967952640698, 44.29753241184936 ], [ 6.712059477511238, 44.299472963651652 ], [ 6.712210664095617, 44.299890120399063 ], [ 6.714678440948067, 44.299833295871856 ], [ 6.7153078263902, 44.29959628072379 ], [ 6.71552614385084, 44.298995885607631 ], [ 6.71650973531029, 44.298407435491505 ], [ 6.717248617213145, 44.29806037124775 ], [ 6.718445072550322, 44.298308210270854 ], [ 6.719954881313154, 44.29881841809631 ], [ 6.720921972491306, 44.299518757561685 ], [ 6.721474587519147, 44.30019427669788 ], [ 6.721779075925817, 44.300690070205462 ], [ 6.720139798122839, 44.30193877335509 ], [ 6.719240093721177, 44.302482496612789 ], [ 6.717495925352689, 44.302763391958599 ], [ 6.717706822307311, 44.303959666189755 ], [ 6.717665350682302, 44.304933408732417 ], [ 6.716556155642161, 44.305822623337832 ], [ 6.717257124380023, 44.30613324942707 ], [ 6.718303987904414, 44.305964911952607 ], [ 6.719534498711091, 44.305514288896525 ], [ 6.720929299340867, 44.305289159835766 ], [ 6.721589960047175, 44.305072521430176 ], [ 6.722854461119806, 44.305053201667683 ], [ 6.724074552418783, 44.30485644498178 ], [ 6.7255435014225, 44.304438568645288 ], [ 6.725919682556066, 44.303598656119618 ], [ 6.726012882663916, 44.302157940534357 ], [ 6.726235485348169, 44.299719023505773 ], [ 6.726185726477961, 44.297944730595233 ], [ 6.725868793601795, 44.297281690963196 ], [ 6.725858801580337, 44.296393529394656 ], [ 6.727350138750257, 44.295150776545725 ], [ 6.728610702137011, 44.294317653897131 ], [ 6.729058394066126, 44.294025376779508 ], [ 6.729538702505733, 44.291892620272243 ], [ 6.729370516494374, 44.290483273917324 ], [ 6.729295149339494, 44.28875382158698 ], [ 6.731595706550685, 44.287677793414915 ], [ 6.732309260996584, 44.287035997369216 ], [ 6.73439819304572, 44.285536650569696 ], [ 6.736220191718751, 44.283983972799419 ], [ 6.736529575858563, 44.28304200565551 ], [ 6.737531716707003, 44.2819435491297 ], [ 6.737911281026635, 44.281526768591647 ], [ 6.738469972152399, 44.281905482778456 ], [ 6.737987503646377, 44.282876862912971 ], [ 6.738283092964132, 44.283646925322373 ], [ 6.738168762120509, 44.285193680589806 ], [ 6.738355332685204, 44.286835507984406 ], [ 6.738666132980234, 44.288936275696742 ], [ 6.737996729548, 44.290548957228197 ], [ 6.738216191239662, 44.292969796332095 ], [ 6.738220610358091, 44.294914338655325 ], [ 6.736567452278046, 44.296354970957395 ], [ 6.735376310744917, 44.297311588627807 ], [ 6.735251859807192, 44.29799370176675 ], [ 6.739232796838511, 44.298086289045663 ], [ 6.741451766265643, 44.298229548578576 ], [ 6.742673061125058, 44.298054009468402 ], [ 6.744049814088139, 44.298335307059737 ], [ 6.745674051865698, 44.298418996808913 ], [ 6.748854462961172, 44.299257313075735 ], [ 6.748937122662579, 44.297407938845211 ], [ 6.748358903275502, 44.296780454928175 ], [ 6.750744594917747, 44.297334999217163 ], [ 6.751552232925042, 44.296438335790086 ], [ 6.749914971579834, 44.295447239652837 ], [ 6.749058854185855, 44.294277121070806 ], [ 6.748109108189202, 44.293046800204628 ], [ 6.747217635654826, 44.291814485507324 ], [ 6.746501841186583, 44.290935054040411 ], [ 6.74643619645343, 44.290092749524767 ], [ 6.745994178382123, 44.289327695252794 ], [ 6.745232811478182, 44.288641010158841 ], [ 6.746169301072232, 44.287799297457781 ], [ 6.747885808974707, 44.28756079298666 ], [ 6.749513813988344, 44.286565602219852 ], [ 6.750391727283903, 44.287249301061252 ], [ 6.751287761769475, 44.288163448987575 ], [ 6.751036824139586, 44.289103471629836 ], [ 6.75156352805192, 44.289060945771084 ], [ 6.75182941551479, 44.288690939137282 ], [ 6.752616017878921, 44.28859658789078 ], [ 6.75314912076426, 44.287898443560806 ], [ 6.753956455032569, 44.286935311677993 ], [ 6.754211524071627, 44.286058532210866 ], [ 6.754731015450322, 44.284811788119676 ], [ 6.756634647091766, 44.284692507952052 ], [ 6.759016093536945, 44.284244994722329 ], [ 6.760202439483908, 44.282024514946315 ], [ 6.76301524312538, 44.280337241097605 ], [ 6.762972782355217, 44.279716686045788 ], [ 6.762872097635507, 44.279001325793971 ], [ 6.76250213103881, 44.278462190072695 ], [ 6.761211455958041, 44.277620289155628 ], [ 6.759904868499331, 44.276449803245939 ], [ 6.758666027059415, 44.274981774556046 ], [ 6.758334549574742, 44.274361944931456 ], [ 6.758775810335724, 44.271311306778195 ], [ 6.75869030349821, 44.27113230640218 ], [ 6.75814710413876, 44.270678167074024 ], [ 6.757237934988217, 44.269852489052219 ], [ 6.757533913809114, 44.269122559709167 ], [ 6.757245102149809, 44.268436156834525 ], [ 6.757236111342322, 44.267570453639522 ], [ 6.757961081513524, 44.266336092816438 ], [ 6.758488364370079, 44.265554279571674 ], [ 6.758676678215029, 44.264574466553867 ], [ 6.759019914374488, 44.263313289939141 ], [ 6.759077790189179, 44.262063462744301 ], [ 6.758296244047414, 44.261969011897214 ], [ 6.757232465711867, 44.261524872058999 ], [ 6.756303763929068, 44.260928869938311 ], [ 6.754904558878154, 44.260124013509426 ], [ 6.754028000518231, 44.259863615629612 ], [ 6.753269996762453, 44.259803645946185 ], [ 6.752657440377755, 44.259963636187145 ], [ 6.751762292514477, 44.260540209972717 ], [ 6.75088388871947, 44.260531369825173 ], [ 6.74981308021394, 44.26124888953953 ], [ 6.74893677896994, 44.261121361791368 ], [ 6.748484216134359, 44.259849567041982 ], [ 6.746529746664178, 44.259316109441876 ], [ 6.745001713757762, 44.259315074926924 ], [ 6.7438787217637, 44.25924295186158 ] ] ] ] } },
{ "type": "Feature", "properties": { "ogc_fid": 1429, "code": "UP7405610", "inseedep": "74", "inseecom": "74056", "nom1": "LA BLAITIERE", "nom2": "LA BLAITIERE", "surface": 146.2, "surf_mnt": 169.83, "etage_alt": "HM", "prop_type1": "AUT", "prop_reg": "AFPA", "usage": "O", "motif": null, "traite": "C", "transform": "O", "phae": "N", "mae": "N", "surf_mae": null, "annee_ref": "2013", "source": "SEA74", "id_source": null, "aut_source": null, "prop_type2": "N", "prop_type3": "N", "faire_val1": "CPP", "faire_val2": "N", "faire_val3": "N", "dern_usage": null, "util_pasto": "IND", "origine": "74", "exploit": 1, "pension": "N", "esp_dom": "C", "date_deb": "2013-06-15", "date_fin": "2013-09-15", "duree": 92, "retour": "N", "circuit": "N", "conduite": "GAR", "parc": "O", "fauche": "O", "vente": "O", "accueil": "O", "travail": 1, "jours_trav": 92, "salarie": 0, "jours_sal": 0, "ef_ov_pat": 0, "ef_ca_pat": 44, "ef_vl_pat": 0, "ef_vat_pat": 0, "ef_gt_pat": 0, "ef_bnl_pat": 0, "ef_eq_pat": 0, "ef_au_pat": 0, "ef_ov_15j": 0, "ef_ca_15j": 44, "ef_vl_15j": 0, "ef_vat_15j": 0, "ef_gt_15j": 0, "ef_bnl_15j": 0, "ef_eq_15j": 0, "ef_au_15j": 0, "ov_com": 0, "ov_dep": 0, "ov_ext": 0, "dep1_ov": "N", "dep2_ov": "N", "ca_com": 0, "ca_dep": 44, "ca_ext": 0, "dep1_ca": "N", "dep2_ca": "N", "vl_com": 0, "vl_dep": 0, "vl_ext": 0, "dep1_vl": "N", "dep2_vl": "N", "vat_com": 0, "vat_dep": 0, "vat_ext": 0, "dep1_vat": "N", "dep2_vat": "N", "gt_com": 0, "gt_dep": 0, "gt_ext": 0, "dep1_gt": "N", "dep2_gt": "N", "bnl_com": 0, "bnl_dep": 0, "bnl_ext": 0, "dep1_bnl": "N", "dep2_bnl": "N", "eq_com": 0, "eq_dep": 0, "eq_ext": 0, "dep1_eq": "N", "dep2_eq": "N", "enqueteur": "HT", "ogc_fid_2": null, "code_2": null, "inseedep_2": null, "inseecom_2": null, "nom1_2": null, "nom2_2": null, "surface_2": null, "surf_mnt_2": null, "etage_alt_2": null, "prop_type1_2": null, "prop_reg_2": null, "usage_2": null, "motif_2": null, "traite_2": null, "transform_2": null, "phae_2": null, "mae_2": null, "surf_mae_2": null, "annee_ref_2": null, "source_2": null, "id_source_2": null, "aut_source_2": null, "prop_type2_2": null, "prop_type3_2": null, "faire_val1_2": null, "faire_val2_2": null, "faire_val3_2": null, "dern_usage_2": null, "util_pasto_2": null, "origine_2": null, "exploit_2": null, "pension_2": null, "esp_dom_2": null, "date_deb_2": null, "date_fin_2": null, "duree_2": null, "retour_2": null, "circuit_2": null, "conduite_2": null, "parc_2": null, "fauche_2": null, "vente_2": null, "accueil_2": null, "travail_2": null, "jours_trav_2": null, "salarie_2": null, "jours_sal_2": null, "ef_ov_pat_2": null, "ef_ca_pat_2": null, "ef_vl_pat_2": null, "ef_vat_pat_2": null, "ef_gt_pat_2": null, "ef_bnl_pat_2": null, "ef_eq_pat_2": null, "ef_au_pat_2": null, "ef_ov_15j_2": null, "ef_ca_15j_2": null, "ef_vl_15j_2": null, "ef_vat_15j_2": null, "ef_gt_15j_2": null, "ef_bnl_15j_2": null, "ef_eq_15j_2": null, "ef_au_15j_2": null, "ov_com_2": null, "ov_dep_2": null, "ov_ext_2": null, "dep1_ov_2": null, "dep2_ov_2": null, "ca_com_2": null, "ca_dep_2": null, "ca_ext_2": null, "dep1_ca_2": null, "dep2_ca_2": null, "vl_com_2": null, "vl_dep_2": null, "vl_ext_2": null, "dep1_vl_2": null, "dep2_vl_2": null, "vat_com_2": null, "vat_dep_2": null, "vat_ext_2": null, "dep1_vat_2": null, "dep2_vat_2": null, "gt_com_2": null, "gt_dep_2": null, "gt_ext_2": null, "dep1_gt_2": null, "dep2_gt_2": null, "bnl_com_2": null, "bnl_dep_2": null, "bnl_ext_2": null, "dep1_bnl_2": null, "dep2_bnl_2": null, "eq_com_2": null, "eq_dep_2": null, "eq_ext_2": null, "dep1_eq_2": null, "dep2_eq_2": null, "enqueteur_2": null }, "geometry": { "type": "MultiPolygon", "coordinates": [ [ [ [ 6.883984339788416, 45.916028047775661 ], [ 6.885136855129415, 45.916279843307677 ], [ 6.885903357291808, 45.916835298694039 ], [ 6.886643828337911, 45.91811040769732 ], [ 6.887399768161334, 45.918965700901325 ], [ 6.889619170762718, 45.920288342597303 ], [ 6.892999202461001, 45.921743602164767 ], [ 6.893735247207117, 45.921521750635435 ], [ 6.894364971580965, 45.921053307099271 ], [ 6.90388278822822, 45.925945448801869 ], [ 6.908062521766368, 45.926726643735549 ], [ 6.910226942432625, 45.92658293450198 ], [ 6.91119276368229, 45.925356300279113 ], [ 6.909670230551206, 45.923706309327265 ], [ 6.905761360882492, 45.922374189087364 ], [ 6.90564355806967, 45.921440436074143 ], [ 6.905130044551056, 45.91953981822541 ], [ 6.904777806731371, 45.919218560410918 ], [ 6.904228701578504, 45.919002348619657 ], [ 6.903806003285682, 45.918456800438975 ], [ 6.902757775651423, 45.918020272271669 ], [ 6.902697257548351, 45.917915349351098 ], [ 6.90289711317969, 45.91722476119309 ], [ 6.901729722608644, 45.917008851750722 ], [ 6.901421372227602, 45.916805572962353 ], [ 6.901011936118898, 45.916223340949919 ], [ 6.900342709899088, 45.915807552669435 ], [ 6.898204586899846, 45.914218539815529 ], [ 6.897046937762989, 45.913229890154582 ], [ 6.892395811039127, 45.913418342536787 ], [ 6.888919141743475, 45.913945230104879 ], [ 6.885837760733333, 45.91397798650511 ], [ 6.885502730843797, 45.914289920021069 ], [ 6.885030937458435, 45.914540270829512 ], [ 6.883068809014289, 45.915334056610092 ], [ 6.882183551894153, 45.915825150060257 ], [ 6.881275207486405, 45.916448292873959 ], [ 6.880489889629454, 45.916503760332446 ], [ 6.879398800980912, 45.916368172020483 ], [ 6.879966287487043, 45.917003974490697 ], [ 6.881416245342012, 45.917328459060435 ], [ 6.882003301981968, 45.91696918817803 ], [ 6.883297345637119, 45.91623443234181 ], [ 6.883984339788416, 45.916028047775661 ] ] ] ] } },
{ "type": "Feature", "properties": { "ogc_fid": 2194, "code": "UP7320603", "inseedep": "73", "inseecom": "73206", "nom1": "LES GLIERES", "nom2": null, "surface": 151.78, "surf_mnt": 168.62, "etage_alt": "HM", "prop_type1": "PRI", "prop_reg": "N", "usage": "O", "motif": null, "traite": "N", "transform": "N", "phae": "O", "mae": "N", "surf_mae": null, "annee_ref": "2012", "source": "SEA73", "id_source": null, "aut_source": null, "prop_type2": "COM", "prop_type3": "N", "faire_val1": "BR", "faire_val2": "N", "faire_val3": "N", "dern_usage": null, "util_pasto": "IND", "origine": "COM", "exploit": 2, "pension": "O", "esp_dom": "O", "date_deb": "2012-06-05", "date_fin": "2012-10-10", "duree": 127, "retour": "N", "circuit": "N", "conduite": "GAR", "parc": "O", "fauche": "N", "vente": "N", "accueil": "N", "travail": 1, "jours_trav": 125, "salarie": 0, "jours_sal": 0, "ef_ov_pat": 500, "ef_ca_pat": 0, "ef_vl_pat": 0, "ef_vat_pat": 0, "ef_gt_pat": 0, "ef_bnl_pat": 0, "ef_eq_pat": 0, "ef_au_pat": 0, "ef_ov_15j": 500, "ef_ca_15j": 0, "ef_vl_15j": 0, "ef_vat_15j": 0, "ef_gt_15j": 0, "ef_bnl_15j": 0, "ef_eq_15j": 0, "ef_au_15j": 0, "ov_com": 50, "ov_dep": 0, "ov_ext": 450, "dep1_ov": "74", "dep2_ov": "N", "ca_com": 0, "ca_dep": 0, "ca_ext": 0, "dep1_ca": "N", "dep2_ca": "N", "vl_com": 0, "vl_dep": 0, "vl_ext": 0, "dep1_vl": "N", "dep2_vl": "N", "vat_com": 0, "vat_dep": 0, "vat_ext": 0, "dep1_vat": "N", "dep2_vat": "N", "gt_com": 0, "gt_dep": 0, "gt_ext": 0, "dep1_gt": "N", "dep2_gt": "N", "bnl_com": 0, "bnl_dep": 0, "bnl_ext": 0, "dep1_bnl": "N", "dep2_bnl": "N", "eq_com": 0, "eq_dep": 0, "eq_ext": 0, "dep1_eq": "N", "dep2_eq": "N", "enqueteur": "LPRM", "ogc_fid_2": null, "code_2": null, "inseedep_2": null, "inseecom_2": null, "nom1_2": null, "nom2_2": null, "surface_2": null, "surf_mnt_2": null, "etage_alt_2": null, "prop_type1_2": null, "prop_reg_2": null, "usage_2": null, "motif_2": null, "traite_2": null, "transform_2": null, "phae_2": null, "mae_2": null, "surf_mae_2": null, "annee_ref_2": null, "source_2": null, "id_source_2": null, "aut_source_2": null, "prop_type2_2": null, "prop_type3_2": null, "faire_val1_2": null, "faire_val2_2": null, "faire_val3_2": null, "dern_usage_2": null, "util_pasto_2": null, "origine_2": null, "exploit_2": null, "pension_2": null, "esp_dom_2": null, "date_deb_2": null, "date_fin_2": null, "duree_2": null, "retour_2": null, "circuit_2": null, "conduite_2": null, "parc_2": null, "fauche_2": null, "vente_2": null, "accueil_2": null, "travail_2": null, "jours_trav_2": null, "salarie_2": null, "jours_sal_2": null, "ef_ov_pat_2": null, "ef_ca_pat_2": null, "ef_vl_pat_2": null, "ef_vat_pat_2": null, "ef_gt_pat_2": null, "ef_bnl_pat_2": null, "ef_eq_pat_2": null, "ef_au_pat_2": null, "ef_ov_15j_2": null, "ef_ca_15j_2": null, "ef_vl_15j_2": null, "ef_vat_15j_2": null, "ef_gt_15j_2": null, "ef_bnl_15j_2": null, "ef_eq_15j_2": null, "ef_au_15j_2": null, "ov_com_2": null, "ov_dep_2": null, "ov_ext_2": null, "dep1_ov_2": null, "dep2_ov_2": null, "ca_com_2": null, "ca_dep_2": null, "ca_ext_2": null, "dep1_ca_2": null, "dep2_ca_2": null, "vl_com_2": null, "vl_dep_2": null, "vl_ext_2": null, "dep1_vl_2": null, "dep2_vl_2": null, "vat_com_2": null, "vat_dep_2": null, "vat_ext_2": null, "dep1_vat_2": null, "dep2_vat_2": null, "gt_com_2": null, "gt_dep_2": null, "gt_ext_2": null, "dep1_gt_2": null, "dep2_gt_2": null, "bnl_com_2": null, "bnl_dep_2": null, "bnl_ext_2": null, "dep1_bnl_2": null, "dep2_bnl_2": null, "eq_com_2": null, "eq_dep_2": null, "eq_ext_2": null, "dep1_eq_2": null, "dep2_eq_2": null, "enqueteur_2": null }, "geometry": { "type": "MultiPolygon", "coordinates": [ [ [ [ 6.746870303763764, 45.386886007484748 ], [ 6.746103061397162, 45.3864439523568 ], [ 6.744718356978462, 45.385744667207128 ], [ 6.74349492443727, 45.385068105670101 ], [ 6.742207985665894, 45.384337386774007 ], [ 6.7412539498471, 45.383806554881851 ], [ 6.739785920756701, 45.383053724592145 ], [ 6.738631800623656, 45.382515481196002 ], [ 6.737512432050326, 45.381989318146424 ], [ 6.736023712159306, 45.381283193763757 ], [ 6.735768085995371, 45.381163221922343 ], [ 6.735819184947042, 45.381032171900067 ], [ 6.735810021896835, 45.380916919512437 ], [ 6.735428489261301, 45.381018693570084 ], [ 6.734868920438474, 45.381184262775704 ], [ 6.734646336045616, 45.381221954858994 ], [ 6.734634971424007, 45.381078915391015 ], [ 6.734102456424983, 45.380810899668596 ], [ 6.733955928117036, 45.3807733277484 ], [ 6.733718466360491, 45.380623727734417 ], [ 6.733770629136137, 45.380506057029869 ], [ 6.733434791006746, 45.380390274931578 ], [ 6.733317775380009, 45.38046611858384 ], [ 6.732921434833111, 45.380381624532042 ], [ 6.732843099318831, 45.380428074178461 ], [ 6.732627231254156, 45.380292074433591 ], [ 6.732859950901588, 45.380123924712414 ], [ 6.732605480230815, 45.380018348914383 ], [ 6.732067427336744, 45.379938414076982 ], [ 6.732052631987825, 45.37975215950771 ], [ 6.731753851550805, 45.379604972823223 ], [ 6.731529303347488, 45.379599378630758 ], [ 6.731151046175483, 45.379484230363374 ], [ 6.730826255106815, 45.379525943033833 ], [ 6.730330242743933, 45.379458791728858 ], [ 6.729849919925271, 45.379607795035611 ], [ 6.729566329480606, 45.379633430495907 ], [ 6.728541237511465, 45.379876160682727 ], [ 6.728573038989596, 45.380018389811532 ], [ 6.729114454660796, 45.379882469402055 ], [ 6.730187358619764, 45.379983656628298 ], [ 6.730515734004102, 45.380245289279259 ], [ 6.730610081801716, 45.38040053520313 ], [ 6.730515945936415, 45.380764505116602 ], [ 6.730631891260705, 45.3809333538034 ], [ 6.73093135349091, 45.380849286366363 ], [ 6.731295884942803, 45.380791553699034 ], [ 6.731360800251621, 45.381092480099866 ], [ 6.731217773635422, 45.381357217844133 ], [ 6.731703982254722, 45.38154036402689 ], [ 6.731769567502423, 45.381610038700465 ], [ 6.732301085848246, 45.381589071394053 ], [ 6.732598580532506, 45.381461724811054 ], [ 6.732800161930288, 45.380920090006633 ], [ 6.733462346533021, 45.380995125328198 ], [ 6.7337198521987, 45.38115735222393 ], [ 6.734059698473322, 45.381563038964373 ], [ 6.734435687722272, 45.381649365608922 ], [ 6.734676193355835, 45.381855616880259 ], [ 6.734705800310446, 45.381970062982745 ], [ 6.735509812867522, 45.382299619279713 ], [ 6.736091478476955, 45.38265136633148 ], [ 6.73655581374564, 45.382835357492837 ], [ 6.737060300189322, 45.383247954961654 ], [ 6.737196709481514, 45.383415990350493 ], [ 6.737688370945742, 45.383685605374509 ], [ 6.737811137262413, 45.383939856965881 ], [ 6.73891279024133, 45.384401120758696 ], [ 6.739330714048789, 45.384774806024218 ], [ 6.73994434058521, 45.385269795309718 ], [ 6.740607615193642, 45.385633782975518 ], [ 6.741259541477224, 45.386112796122866 ], [ 6.741953630911056, 45.386330007248006 ], [ 6.742616931301719, 45.386693983083966 ], [ 6.743551543350621, 45.386859355793341 ], [ 6.744049861490642, 45.38695422956323 ], [ 6.744655384823039, 45.387089251590588 ], [ 6.744953931850069, 45.387250866640436 ], [ 6.745572085850882, 45.387544350268485 ], [ 6.745973002423233, 45.387961014138376 ], [ 6.746534345102725, 45.388313515758455 ], [ 6.747595352623438, 45.388777341613732 ], [ 6.748005248704406, 45.389049121218491 ], [ 6.749019791586552, 45.389701618266898 ], [ 6.750047916951163, 45.390266851514909 ], [ 6.750621795894263, 45.390518710913007 ], [ 6.751405742347597, 45.391108061394874 ], [ 6.752115719582267, 45.391541363699332 ], [ 6.752683562605553, 45.391735643945722 ], [ 6.753472921363108, 45.391603203179699 ], [ 6.75356060594039, 45.390921516056572 ], [ 6.754296665324166, 45.39089234682632 ], [ 6.754874785601267, 45.391215239561859 ], [ 6.756084976561763, 45.392004439872935 ], [ 6.756628016043949, 45.392126394420309 ], [ 6.757013475146773, 45.392861575771178 ], [ 6.757356743669407, 45.393050288798655 ], [ 6.757602575482916, 45.393559774621956 ], [ 6.758635461939338, 45.394182557689973 ], [ 6.760819725480252, 45.394875255472073 ], [ 6.761933954170024, 45.394975541705243 ], [ 6.763562746221128, 45.395372293767984 ], [ 6.764357005683559, 45.396270331064812 ], [ 6.765554358748306, 45.396849075025273 ], [ 6.766895898894749, 45.397197867220612 ], [ 6.768339870221066, 45.397289975375479 ], [ 6.769239320824469, 45.397597346136074 ], [ 6.770372152879964, 45.397812442341277 ], [ 6.771751536118054, 45.397540900017766 ], [ 6.772540678934804, 45.396810910351228 ], [ 6.772138255111922, 45.396177329507111 ], [ 6.770227449003906, 45.395678943684295 ], [ 6.769680915229503, 45.395275297365743 ], [ 6.768718809416024, 45.394632406973912 ], [ 6.767732242478644, 45.393885275552705 ], [ 6.767780343401712, 45.393351737759353 ], [ 6.767430198013448, 45.392748345125732 ], [ 6.768893582281952, 45.392360860154234 ], [ 6.770616801027638, 45.391888687755056 ], [ 6.772435558642513, 45.391585082774654 ], [ 6.772698940549216, 45.390795220467652 ], [ 6.772268076067476, 45.390172347109207 ], [ 6.771794704494841, 45.389914527272481 ], [ 6.771197881737683, 45.389432456960286 ], [ 6.771062531328933, 45.388548006169188 ], [ 6.770382681793031, 45.388163167423052 ], [ 6.769487468990381, 45.387924193602608 ], [ 6.768150566939173, 45.388206531434868 ], [ 6.766663543583223, 45.388553659868691 ], [ 6.765135927721399, 45.388412046789618 ], [ 6.764882588678456, 45.387296917568989 ], [ 6.76348783016585, 45.386746380042119 ], [ 6.76272798126736, 45.386569068140048 ], [ 6.762627801280754, 45.38623239630369 ], [ 6.762084052041804, 45.386229215102901 ], [ 6.761657970004153, 45.386176968587861 ], [ 6.760925620328726, 45.386343340253305 ], [ 6.760301694019129, 45.386253527083866 ], [ 6.759397504516203, 45.385901277588097 ], [ 6.757789391391038, 45.385667788590837 ], [ 6.75633650353753, 45.385359993549933 ], [ 6.754720450071015, 45.384623025772378 ], [ 6.753949087482446, 45.38472276848983 ], [ 6.753326412184611, 45.385455589383149 ], [ 6.753447913563468, 45.385748071335115 ], [ 6.755044590577425, 45.386645830809371 ], [ 6.757956874328825, 45.387745321269641 ], [ 6.758855470918574, 45.388228908262754 ], [ 6.758837426200917, 45.388644599190748 ], [ 6.758244398615688, 45.388941685508726 ], [ 6.757189270886669, 45.388900958161436 ], [ 6.755126498237365, 45.388203389981804 ], [ 6.753500708881934, 45.388354548829142 ], [ 6.753525700346141, 45.388685953458598 ], [ 6.752511617591535, 45.388553744253308 ], [ 6.752126922551239, 45.388597892726722 ], [ 6.751064732385195, 45.388119706722165 ], [ 6.750305128825641, 45.388091981075455 ], [ 6.74953295885628, 45.387906814989826 ], [ 6.74914303577751, 45.387646639506073 ], [ 6.748762162146152, 45.387518232071969 ], [ 6.747783576551442, 45.387297867934343 ], [ 6.746870303763764, 45.386886007484748 ] ] ] ] } },
{ "type": "Feature", "properties": { "ogc_fid": 2382, "code": "UP7427311", "inseedep": "74", "inseecom": "74273", "nom1": "PASSY", "nom2": "PASSY", "surface": 12.12, "surf_mnt": 12.95, "etage_alt": "MM", "prop_type1": "PRI", "prop_reg": "AFPA", "usage": "O", "motif": null, "traite": "C", "transform": "O", "phae": "O", "mae": "N", "surf_mae": null, "annee_ref": "2012", "source": "SEA 74", "id_source": null, "aut_source": null, "prop_type2": "COM", "prop_type3": "N", "faire_val1": "CPP", "faire_val2": "N", "faire_val3": "N", "dern_usage": null, "util_pasto": "IND", "origine": "COM", "exploit": 1, "pension": "N", "esp_dom": "C", "date_deb": "2012-05-15", "date_fin": "2012-10-15", "duree": 60, "retour": "O", "circuit": "O", "conduite": "GAR", "parc": "O", "fauche": "N", "vente": "N", "accueil": "N", "travail": 2, "jours_trav": 60, "salarie": 0, "jours_sal": 0, "ef_ov_pat": 0, "ef_ca_pat": 35, "ef_vl_pat": 0, "ef_vat_pat": 0, "ef_gt_pat": 0, "ef_bnl_pat": 0, "ef_eq_pat": 0, "ef_au_pat": 0, "ef_ov_15j": 0, "ef_ca_15j": 0, "ef_vl_15j": 0, "ef_vat_15j": 0, "ef_gt_15j": 0, "ef_bnl_15j": 0, "ef_eq_15j": 0, "ef_au_15j": 0, "ov_com": 0, "ov_dep": 0, "ov_ext": 0, "dep1_ov": "N", "dep2_ov": "N", "ca_com": 0, "ca_dep": 35, "ca_ext": 0, "dep1_ca": "N", "dep2_ca": "N", "vl_com": 0, "vl_dep": 0, "vl_ext": 0, "dep1_vl": "N", "dep2_vl": "N", "vat_com": 0, "vat_dep": 0, "vat_ext": 0, "dep1_vat": "N", "dep2_vat": "N", "gt_com": 0, "gt_dep": 0, "gt_ext": 0, "dep1_gt": "N", "dep2_gt": "N", "bnl_com": 0, "bnl_dep": 0, "bnl_ext": 0, "dep1_bnl": "N", "dep2_bnl": "N", "eq_com": 0, "eq_dep": 0, "eq_ext": 0, "dep1_eq": "N", "dep2_eq": "N", "enqueteur": "AG", "ogc_fid_2": null, "code_2": null, "inseedep_2": null, "inseecom_2": null, "nom1_2": null, "nom2_2": null, "surface_2": null, "surf_mnt_2": null, "etage_alt_2": null, "prop_type1_2": null, "prop_reg_2": null, "usage_2": null, "motif_2": null, "traite_2": null, "transform_2": null, "phae_2": null, "mae_2": null, "surf_mae_2": null, "annee_ref_2": null, "source_2": null, "id_source_2": null, "aut_source_2": null, "prop_type2_2": null, "prop_type3_2": null, "faire_val1_2": null, "faire_val2_2": null, "faire_val3_2": null, "dern_usage_2": null, "util_pasto_2": null, "origine_2": null, "exploit_2": null, "pension_2": null, "esp_dom_2": null, "date_deb_2": null, "date_fin_2": null, "duree_2": null, "retour_2": null, "circuit_2": null, "conduite_2": null, "parc_2": null, "fauche_2": null, "vente_2": null, "accueil_2": null, "travail_2": null, "jours_trav_2": null, "salarie_2": null, "jours_sal_2": null, "ef_ov_pat_2": null, "ef_ca_pat_2": null, "ef_vl_pat_2": null, "ef_vat_pat_2": null, "ef_gt_pat_2": null, "ef_bnl_pat_2": null, "ef_eq_pat_2": null, "ef_au_pat_2": null, "ef_ov_15j_2": null, "ef_ca_15j_2": null, "ef_vl_15j_2": null, "ef_vat_15j_2": null, "ef_gt_15j_2": null, "ef_bnl_15j_2": null, "ef_eq_15j_2": null, "ef_au_15j_2": null, "ov_com_2": null, "ov_dep_2": null, "ov_ext_2": null, "dep1_ov_2": null, "dep2_ov_2": null, "ca_com_2": null, "ca_dep_2": null, "ca_ext_2": null, "dep1_ca_2": null, "dep2_ca_2": null, "vl_com_2": null, "vl_dep_2": null, "vl_ext_2": null, "dep1_vl_2": null, "dep2_vl_2": null, "vat_com_2": null, "vat_dep_2": null, "vat_ext_2": null, "dep1_vat_2": null, "dep2_vat_2": null, "gt_com_2": null, "gt_dep_2": null, "gt_ext_2": null, "dep1_gt_2": null, "dep2_gt_2": null, "bnl_com_2": null, "bnl_dep_2": null, "bnl_ext_2": null, "dep1_bnl_2": null, "dep2_bnl_2": null, "eq_com_2": null, "eq_dep_2": null, "eq_ext_2": null, "dep1_eq_2": null, "dep2_eq_2": null, "enqueteur_2": null }, "geometry": { "type": "MultiPolygon", "coordinates": [ [ [ [ 6.781484221779038, 46.049147533579692 ], [ 6.781649082753649, 46.049296933705428 ], [ 6.782132414381375, 46.049296462340003 ], [ 6.782413762028959, 46.049200714511755 ], [ 6.782483084574946, 46.048886195177538 ], [ 6.782480823432756, 46.048694256598168 ], [ 6.782694428422267, 46.048494841748095 ], [ 6.782740627117379, 46.048260727626293 ], [ 6.782684884022895, 46.048049213627372 ], [ 6.782797312571339, 46.0477908083882 ], [ 6.783153888540419, 46.047763331215684 ], [ 6.783472510718465, 46.047670235964546 ], [ 6.783738514479333, 46.047641167011776 ], [ 6.783584799470493, 46.047483073034286 ], [ 6.783390347127771, 46.047370980806228 ], [ 6.783008089227414, 46.047301394310587 ], [ 6.782413956722696, 46.04732481976604 ], [ 6.782008218871334, 46.047367653162574 ], [ 6.781328872536579, 46.047400624343787 ], [ 6.780812462113912, 46.047176299787054 ], [ 6.780435591638283, 46.04686284303412 ], [ 6.780078591487328, 46.046428844850254 ], [ 6.780141902075975, 46.045876076503554 ], [ 6.779398993033518, 46.045947674308877 ], [ 6.77920385598581, 46.045754044578942 ], [ 6.778798555848693, 46.045637861350492 ], [ 6.777869992388577, 46.045650687534369 ], [ 6.776967583196032, 46.0456934501387 ], [ 6.776152233793654, 46.045694580246362 ], [ 6.776288493344385, 46.046131083571865 ], [ 6.776881710564076, 46.046169671179499 ], [ 6.776870415780563, 46.046541784940104 ], [ 6.776864588941912, 46.046889932477171 ], [ 6.777192714417698, 46.046840882379236 ], [ 6.777357725594948, 46.04710177621682 ], [ 6.777210882837402, 46.047082779061022 ], [ 6.777160728376622, 46.047213804948356 ], [ 6.776999178197126, 46.047305855046659 ], [ 6.77724106970278, 46.047582307055862 ], [ 6.777380698729884, 46.047494216636316 ], [ 6.778056708865658, 46.047876428955092 ], [ 6.778347875484146, 46.048211850761071 ], [ 6.778516515648443, 46.048480865744359 ], [ 6.778843858680455, 46.048732266245395 ], [ 6.779259214796052, 46.048971940735228 ], [ 6.779644845420019, 46.049210722923931 ], [ 6.779714010419042, 46.049167733780216 ], [ 6.779357660532621, 46.048741965710256 ], [ 6.779239939869601, 46.048369772701847 ], [ 6.779331843866201, 46.047876790800949 ], [ 6.779470665730268, 46.047796989811623 ], [ 6.779486090963295, 46.047731343844511 ], [ 6.779523794483683, 46.047684427708667 ], [ 6.779549201141615, 46.047650389788025 ], [ 6.77961576231599, 46.047630216704064 ], [ 6.779721001300402, 46.047611620288905 ], [ 6.779831683892026, 46.047605191263941 ], [ 6.779931094874197, 46.047642573549169 ], [ 6.779947012693085, 46.04774725039816 ], [ 6.779899775957358, 46.047840997912317 ], [ 6.779955182164055, 46.047829521406506 ], [ 6.780038753179894, 46.04792740858624 ], [ 6.780425577841822, 46.048363327718292 ], [ 6.780914108749176, 46.048773561155912 ], [ 6.781256248410586, 46.048969655931259 ], [ 6.781378030630419, 46.04897208310571 ], [ 6.78140204172244, 46.048993848818583 ], [ 6.781461605544675, 46.049069963836395 ], [ 6.781484221779038, 46.049147533579692 ] ] ], [ [ [ 6.779864523445094, 46.049560312330868 ], [ 6.779133939698439, 46.049218459050493 ], [ 6.778677442175688, 46.049038217668922 ], [ 6.778556468105458, 46.049082214326738 ], [ 6.778788609246263, 46.049420993625837 ], [ 6.779315375673589, 46.049644922923306 ], [ 6.779645571864254, 46.049931315400379 ], [ 6.780132745294901, 46.050361222102246 ], [ 6.780477632266445, 46.050134952122583 ], [ 6.780500142827953, 46.049809890461312 ], [ 6.780574972904439, 46.04965414749276 ], [ 6.781265474951837, 46.049320309757526 ], [ 6.781126462112062, 46.04905116979802 ], [ 6.780966925598951, 46.048894332250981 ], [ 6.780704570884891, 46.048731226399767 ], [ 6.780297573193668, 46.048594468454766 ], [ 6.780017015266639, 46.048553901305723 ], [ 6.779805825080548, 46.048673721244597 ], [ 6.779923417430855, 46.048843567462448 ], [ 6.779908740307803, 46.04902791381658 ], [ 6.779917023913276, 46.049129794573595 ], [ 6.780063369779188, 46.049306768226593 ], [ 6.780049533247913, 46.049501407212482 ], [ 6.779864523445094, 46.049560312330868 ] ] ] ] } },
{ "type": "Feature", "properties": { "ogc_fid": 2915, "code": "UP7304014", "inseedep": "73", "inseecom": "73040", "nom1": "LA GRANDE FESSE", "nom2": "PLAN LA CHA", "surface": 226.45, "surf_mnt": 287.48, "etage_alt": "HM", "prop_type1": "COM", "prop_reg": "N", "usage": "O", "motif": null, "traite": "N", "transform": "N", "phae": "O", "mae": "N", "surf_mae": null, "annee_ref": "2013", "source": "SEA 73", "id_source": null, "aut_source": null, "prop_type2": "PRI", "prop_type3": "N", "faire_val1": "VER", "faire_val2": "N", "faire_val3": "N", "dern_usage": null, "util_pasto": "IND", "origine": "COM", "exploit": 1, "pension": "N", "esp_dom": "O", "date_deb": "2013-05-20", "date_fin": "2013-09-20", "duree": 123, "retour": "N", "circuit": "N", "conduite": "HEB", "parc": "O", "fauche": "N", "vente": "N", "accueil": "N", "travail": 2, "jours_trav": 100, "salarie": 0, "jours_sal": 0, "ef_ov_pat": 130, "ef_ca_pat": 0, "ef_vl_pat": 0, "ef_vat_pat": 0, "ef_gt_pat": 0, "ef_bnl_pat": 0, "ef_eq_pat": 0, "ef_au_pat": 0, "ef_ov_15j": 130, "ef_ca_15j": 0, "ef_vl_15j": 0, "ef_vat_15j": 0, "ef_gt_15j": 0, "ef_bnl_15j": 0, "ef_eq_15j": 0, "ef_au_15j": 0, "ov_com": 130, "ov_dep": 0, "ov_ext": 0, "dep1_ov": "N", "dep2_ov": "N", "ca_com": 0, "ca_dep": 0, "ca_ext": 0, "dep1_ca": "N", "dep2_ca": "N", "vl_com": 0, "vl_dep": 0, "vl_ext": 0, "dep1_vl": "N", "dep2_vl": "N", "vat_com": 0, "vat_dep": 0, "vat_ext": 0, "dep1_vat": "N", "dep2_vat": "N", "gt_com": 0, "gt_dep": 0, "gt_ext": 0, "dep1_gt": "N", "dep2_gt": "N", "bnl_com": 0, "bnl_dep": 0, "bnl_ext": 0, "dep1_bnl": "N", "dep2_bnl": "N", "eq_com": 0, "eq_dep": 0, "eq_ext": 0, "dep1_eq": "N", "dep2_eq": "N", "enqueteur": "LVCT", "ogc_fid_2": null, "code_2": null, "inseedep_2": null, "inseecom_2": null, "nom1_2": null, "nom2_2": null, "surface_2": null, "surf_mnt_2": null, "etage_alt_2": null, "prop_type1_2": null, "prop_reg_2": null, "usage_2": null, "motif_2": null, "traite_2": null, "transform_2": null, "phae_2": null, "mae_2": null, "surf_mae_2": null, "annee_ref_2": null, "source_2": null, "id_source_2": null, "aut_source_2": null, "prop_type2_2": null, "prop_type3_2": null, "faire_val1_2": null, "faire_val2_2": null, "faire_val3_2": null, "dern_usage_2": null, "util_pasto_2": null, "origine_2": null, "exploit_2": null, "pension_2": null, "esp_dom_2": null, "date_deb_2": null, "date_fin_2": null, "duree_2": null, "retour_2": null, "circuit_2": null, "conduite_2": null, "parc_2": null, "fauche_2": null, "vente_2": null, "accueil_2": null, "travail_2": null, "jours_trav_2": null, "salarie_2": null, "jours_sal_2": null, "ef_ov_pat_2": null, "ef_ca_pat_2": null, "ef_vl_pat_2": null, "ef_vat_pat_2": null, "ef_gt_pat_2": null, "ef_bnl_pat_2": null, "ef_eq_pat_2": null, "ef_au_pat_2": null, "ef_ov_15j_2": null, "ef_ca_15j_2": null, "ef_vl_15j_2": null, "ef_vat_15j_2": null, "ef_gt_15j_2": null, "ef_bnl_15j_2": null, "ef_eq_15j_2": null, "ef_au_15j_2": null, "ov_com_2": null, "ov_dep_2": null, "ov_ext_2": null, "dep1_ov_2": null, "dep2_ov_2": null, "ca_com_2": null, "ca_dep_2": null, "ca_ext_2": null, "dep1_ca_2": null, "dep2_ca_2": null, "vl_com_2": null, "vl_dep_2": null, "vl_ext_2": null, "dep1_vl_2": null, "dep2_vl_2": null, "vat_com_2": null, "vat_dep_2": null, "vat_ext_2": null, "dep1_vat_2": null, "dep2_vat_2": null, "gt_com_2": null, "gt_dep_2": null, "gt_ext_2": null, "dep1_gt_2": null, "dep2_gt_2": null, "bnl_com_2": null, "bnl_dep_2": null, "bnl_ext_2": null, "dep1_bnl_2": null, "dep2_bnl_2": null, "eq_com_2": null, "eq_dep_2": null, "eq_ext_2": null, "dep1_eq_2": null, "dep2_eq_2": null, "enqueteur_2": null }, "geometry": { "type": "MultiPolygon", "coordinates": [ [ [ [ 6.98574838593975, 45.327878136532092 ], [ 6.985260512075199, 45.327820040120223 ], [ 6.984924542406083, 45.327845426414058 ], [ 6.984672212096406, 45.327855967030281 ], [ 6.984325363550374, 45.327751720757988 ], [ 6.983811225078166, 45.327677171098728 ], [ 6.983290757814111, 45.327317924191512 ], [ 6.982886377949633, 45.326929053286108 ], [ 6.982483027525348, 45.326552523308862 ], [ 6.981850413766879, 45.326269201431622 ], [ 6.981272639241916, 45.326221032794528 ], [ 6.980338993054498, 45.326187717592553 ], [ 6.979466180394809, 45.326530761529128 ], [ 6.979248498103308, 45.326675087990786 ], [ 6.978895023617098, 45.326701187314356 ], [ 6.978783524012916, 45.326383720160628 ], [ 6.978522245922597, 45.326287240546144 ], [ 6.978255347162265, 45.326525502958582 ], [ 6.97775519807863, 45.326617591693257 ], [ 6.977259611105407, 45.326554632455242 ], [ 6.977370417397016, 45.326252672805005 ], [ 6.977697431366233, 45.325928273845861 ], [ 6.977578860313466, 45.325718472284684 ], [ 6.977653622671723, 45.325405622740853 ], [ 6.977318269577076, 45.325228603736427 ], [ 6.977129512898586, 45.325403732359469 ], [ 6.976932638029536, 45.325674176419099 ], [ 6.976684712467034, 45.325946741785437 ], [ 6.974863655204061, 45.326475810400431 ], [ 6.973721214856551, 45.327999196241691 ], [ 6.972576198745219, 45.329487363106431 ], [ 6.971778077962981, 45.33092789316229 ], [ 6.9718236719781, 45.332267848634203 ], [ 6.975039884725498, 45.333848219996476 ], [ 6.976655609715519, 45.334744021217318 ], [ 6.977856838947029, 45.335442704433049 ], [ 6.977914740150371, 45.336252651483314 ], [ 6.978836576713851, 45.33658509119136 ], [ 6.979106350960955, 45.336764838026816 ], [ 6.97966750343178, 45.337015046122204 ], [ 6.980292472621726, 45.337013754584611 ], [ 6.9806128098421, 45.337202752432134 ], [ 6.981003278078792, 45.33742495664621 ], [ 6.982098087325464, 45.337963647937137 ], [ 6.982246186718779, 45.338123691633363 ], [ 6.983092855589947, 45.338339241251731 ], [ 6.983573900057173, 45.33862889691936 ], [ 6.983823729107852, 45.338989120977345 ], [ 6.984172046842863, 45.338813519109429 ], [ 6.984230953019729, 45.338399114160907 ], [ 6.984579484808769, 45.338313328859726 ], [ 6.984811751493434, 45.338255098323067 ], [ 6.984885849101047, 45.338335639770214 ], [ 6.98513831367593, 45.338326132390776 ], [ 6.985257492844974, 45.338141514123265 ], [ 6.984973706595651, 45.337987128147702 ], [ 6.984772465841603, 45.337804529574157 ], [ 6.985007907128134, 45.337592346792427 ], [ 6.985266650655354, 45.33764038936544 ], [ 6.985664206276025, 45.337754909878463 ], [ 6.985947552520239, 45.338061074917462 ], [ 6.986243389659147, 45.338411107568703 ], [ 6.986867180980388, 45.338587417725385 ], [ 6.987525573701558, 45.338774662710335 ], [ 6.987529969066065, 45.339227728263872 ], [ 6.987886972322059, 45.339260307527582 ], [ 6.9881693481907, 45.339188626120531 ], [ 6.98841473272155, 45.339094740224709 ], [ 6.98828447491251, 45.339548269992456 ], [ 6.98786838121385, 45.339892942689403 ], [ 6.98761440283533, 45.340093521673673 ], [ 6.987781008542292, 45.340456172658214 ], [ 6.98820914349053, 45.340725309447336 ], [ 6.988670757208821, 45.34099201593515 ], [ 6.988709649017683, 45.341454986733545 ], [ 6.989126730702981, 45.341592430884035 ], [ 6.989627472963029, 45.341715016082368 ], [ 6.990116197390329, 45.341694592875392 ], [ 6.99061042394524, 45.34194856136827 ], [ 6.990965425437503, 45.342148476093797 ], [ 6.991518191819694, 45.342280232818965 ], [ 6.991889700245926, 45.342276065447564 ], [ 6.992286814185365, 45.342175828540455 ], [ 6.992734024119527, 45.342062144632955 ], [ 6.992944409154572, 45.341743611821407 ], [ 6.992771702730645, 45.341308948862093 ], [ 6.992555452461997, 45.340948364264996 ], [ 6.992023693696226, 45.340648472991248 ], [ 6.991870576566165, 45.340237768739144 ], [ 6.992229695420932, 45.3396858800442 ], [ 6.992417551392213, 45.339308412324513 ], [ 6.992474171962022, 45.339163560652317 ], [ 6.992808176755654, 45.338922453915224 ], [ 6.992736182843773, 45.338675614771937 ], [ 6.992389715706646, 45.33836797653457 ], [ 6.992070271646485, 45.338190329905053 ], [ 6.991624684507439, 45.33811397892255 ], [ 6.991433461957633, 45.337807073624951 ], [ 6.991540188571528, 45.337509399318357 ], [ 6.99111707084625, 45.337299944644897 ], [ 6.990994980450223, 45.337066549766945 ], [ 6.99101144645664, 45.336792264944741 ], [ 6.991401609184953, 45.336609727832673 ], [ 6.99207604069263, 45.336796283262565 ], [ 6.992637750740308, 45.3370350303923 ], [ 6.992814376986186, 45.337324990795253 ], [ 6.993264043694927, 45.337449697151079 ], [ 6.993668079378258, 45.337623806479726 ], [ 6.993832770458702, 45.337771784357066 ], [ 6.994186748478466, 45.337768333333536 ], [ 6.994661879493342, 45.33798694615615 ], [ 6.99485170587209, 45.337633133367781 ], [ 6.995368925293916, 45.337551612849758 ], [ 6.995573686009017, 45.337566794316992 ], [ 6.995645364770147, 45.337827068041058 ], [ 6.995663278640408, 45.338040034881352 ], [ 6.995420916140834, 45.338360941928094 ], [ 6.995980271159126, 45.338605978573383 ], [ 6.996472162687682, 45.338953969087534 ], [ 6.996566466404366, 45.338717726029756 ], [ 6.99666765476278, 45.338511133932116 ], [ 6.996825904704683, 45.338182382961399 ], [ 6.99707684138856, 45.337754768480707 ], [ 6.997304185339686, 45.337446872247057 ], [ 6.997449403209676, 45.337154794125077 ], [ 6.997429001382172, 45.336512430468026 ], [ 6.998189550671102, 45.33650433646919 ], [ 6.998192996836797, 45.336754046561396 ], [ 6.998055293071278, 45.337118075379244 ], [ 6.997795871547367, 45.337653421194247 ], [ 6.997986591931119, 45.337919041528551 ], [ 6.99838614497432, 45.33783107336081 ], [ 6.998447296267083, 45.337566269585714 ], [ 6.998885434246292, 45.337536561208559 ], [ 6.999044622952713, 45.337219133196818 ], [ 6.999478269195505, 45.33715347386844 ], [ 6.999645506943375, 45.336931723446163 ], [ 7.000335054076251, 45.336880126972126 ], [ 7.000717539117488, 45.336815570976448 ], [ 7.000818634908087, 45.336607950008883 ], [ 7.00111408431206, 45.336309573595109 ], [ 7.001460058562047, 45.335985352273482 ], [ 7.001593838842048, 45.335766021580781 ], [ 7.001568276904671, 45.335480073468062 ], [ 7.001688934899825, 45.335296401549613 ], [ 7.001476642222522, 45.3349831700869 ], [ 7.001630875059572, 45.334607085551561 ], [ 7.001614835630985, 45.334416754285201 ], [ 7.001575310639483, 45.334156162921317 ], [ 7.001530236857265, 45.333812182626936 ], [ 7.001436092068855, 45.333494003476325 ], [ 7.001385562307687, 45.333102749102459 ], [ 7.001262908498385, 45.332845645394833 ], [ 7.001034149703051, 45.332736493941688 ], [ 7.000880879407173, 45.332515773708863 ], [ 7.00069669249465, 45.332344881603056 ], [ 7.000606544686247, 45.33207401937775 ], [ 7.000397293655436, 45.331796796020114 ], [ 7.000147490164834, 45.331437651679742 ], [ 6.999881219647146, 45.33109157393055 ], [ 6.99965489038178, 45.330802671420706 ], [ 6.999597351102651, 45.330519093193544 ], [ 6.999059171993351, 45.330159628549531 ], [ 6.998784422217137, 45.329921277406882 ], [ 6.99852506194818, 45.329848513120879 ], [ 6.998305767574924, 45.329642944092292 ], [ 6.998219268908428, 45.329954238601097 ], [ 6.998215773444707, 45.330312640807449 ], [ 6.997953043511408, 45.330542599110011 ], [ 6.99806350554538, 45.330903392473424 ], [ 6.997784112427643, 45.331201078918681 ], [ 6.99778658359076, 45.331630476091725 ], [ 6.997168565919744, 45.333122429978651 ], [ 6.996889736592037, 45.33283573165167 ], [ 6.996513264778947, 45.332780247127509 ], [ 6.996098186708492, 45.332857503403211 ], [ 6.993225565038313, 45.330952030359136 ], [ 6.992919822787928, 45.330536355242323 ], [ 6.992669033009923, 45.330164834493424 ], [ 6.992198985645017, 45.330005882618849 ], [ 6.992189993460769, 45.329898886706069 ], [ 6.991954164928401, 45.329705355476236 ], [ 6.99156271422412, 45.329662876954032 ], [ 6.991218771832738, 45.329593628474612 ], [ 6.990970472172196, 45.329460505405535 ], [ 6.991003529957035, 45.329244367726552 ], [ 6.990954612333414, 45.329080192809521 ], [ 6.990417487335823, 45.328505891934093 ], [ 6.990111207697617, 45.328292592416481 ], [ 6.989206106216179, 45.327972165763271 ], [ 6.988714186649877, 45.327360866999278 ], [ 6.988267180139374, 45.327057427524686 ], [ 6.9875783978583, 45.326907591751137 ], [ 6.987274139644291, 45.326717943058711 ], [ 6.986889204749454, 45.326770163403715 ], [ 6.986711915317652, 45.326872556652674 ], [ 6.986289315780578, 45.327068821290958 ], [ 6.986228799778668, 45.32716736725655 ], [ 6.986045395370283, 45.327388743908664 ], [ 6.98574838593975, 45.327878136532092 ] ] ] ] } },
{ "type": "Feature", "properties": { "ogc_fid": 2987, "code": "UP7323011", "inseedep": "73", "inseecom": "73230", "nom1": "RIEU CLARET", "nom2": "BRECHE DU PIN", "surface": 184.85, "surf_mnt": 211.24, "etage_alt": "HM", "prop_type1": "PRI", "prop_reg": "N", "usage": "O", "motif": null, "traite": "N", "transform": "N", "phae": "O", "mae": "N", "surf_mae": null, "annee_ref": "2013", "source": "SEA 73", "id_source": null, "aut_source": null, "prop_type2": "COM", "prop_type3": "N", "faire_val1": "PRO", "faire_val2": "VER", "faire_val3": "BR", "dern_usage": null, "util_pasto": "IND", "origine": "COM", "exploit": 1, "pension": "N", "esp_dom": "O", "date_deb": "2013-05-30", "date_fin": "2013-10-15", "duree": 138, "retour": "N", "circuit": "N", "conduite": "QUO", "parc": "O", "fauche": "N", "vente": "N", "accueil": "N", "travail": 2, "jours_trav": 120, "salarie": 0, "jours_sal": 0, "ef_ov_pat": 200, "ef_ca_pat": 50, "ef_vl_pat": 0, "ef_vat_pat": 0, "ef_gt_pat": 0, "ef_bnl_pat": 0, "ef_eq_pat": 0, "ef_au_pat": 0, "ef_ov_15j": 200, "ef_ca_15j": 50, "ef_vl_15j": 0, "ef_vat_15j": 0, "ef_gt_15j": 0, "ef_bnl_15j": 0, "ef_eq_15j": 0, "ef_au_15j": 0, "ov_com": 200, "ov_dep": 0, "ov_ext": 0, "dep1_ov": "N", "dep2_ov": "N", "ca_com": 50, "ca_dep": 0, "ca_ext": 0, "dep1_ca": "N", "dep2_ca": "N", "vl_com": 0, "vl_dep": 0, "vl_ext": 0, "dep1_vl": "N", "dep2_vl": "N", "vat_com": 0, "vat_dep": 0, "vat_ext": 0, "dep1_vat": "N", "dep2_vat": "N", "gt_com": 0, "gt_dep": 0, "gt_ext": 0, "dep1_gt": "N", "dep2_gt": "N", "bnl_com": 0, "bnl_dep": 0, "bnl_ext": 0, "dep1_bnl": "N", "dep2_bnl": "N", "eq_com": 0, "eq_dep": 0, "eq_ext": 0, "dep1_eq": "N", "dep2_eq": "N", "enqueteur": "LVCT", "ogc_fid_2": null, "code_2": null, "inseedep_2": null, "inseecom_2": null, "nom1_2": null, "nom2_2": null, "surface_2": null, "surf_mnt_2": null, "etage_alt_2": null, "prop_type1_2": null, "prop_reg_2": null, "usage_2": null, "motif_2": null, "traite_2": null, "transform_2": null, "phae_2": null, "mae_2": null, "surf_mae_2": null, "annee_ref_2": null, "source_2": null, "id_source_2": null, "aut_source_2": null, "prop_type2_2": null, "prop_type3_2": null, "faire_val1_2": null, "faire_val2_2": null, "faire_val3_2": null, "dern_usage_2": null, "util_pasto_2": null, "origine_2": null, "exploit_2": null, "pension_2": null, "esp_dom_2": null, "date_deb_2": null, "date_fin_2": null, "duree_2": null, "retour_2": null, "circuit_2": null, "conduite_2": null, "parc_2": null, "fauche_2": null, "vente_2": null, "accueil_2": null, "travail_2": null, "jours_trav_2": null, "salarie_2": null, "jours_sal_2": null, "ef_ov_pat_2": null, "ef_ca_pat_2": null, "ef_vl_pat_2": null, "ef_vat_pat_2": null, "ef_gt_pat_2": null, "ef_bnl_pat_2": null, "ef_eq_pat_2": null, "ef_au_pat_2": null, "ef_ov_15j_2": null, "ef_ca_15j_2": null, "ef_vl_15j_2": null, "ef_vat_15j_2": null, "ef_gt_15j_2": null, "ef_bnl_15j_2": null, "ef_eq_15j_2": null, "ef_au_15j_2": null, "ov_com_2": null, "ov_dep_2": null, "ov_ext_2": null, "dep1_ov_2": null, "dep2_ov_2": null, "ca_com_2": null, "ca_dep_2": null, "ca_ext_2": null, "dep1_ca_2": null, "dep2_ca_2": null, "vl_com_2": null, "vl_dep_2": null, "vl_ext_2": null, "dep1_vl_2": null, "dep2_vl_2": null, "vat_com_2": null, "vat_dep_2": null, "vat_ext_2": null, "dep1_vat_2": null, "dep2_vat_2": null, "gt_com_2": null, "gt_dep_2": null, "gt_ext_2": null, "dep1_gt_2": null, "dep2_gt_2": null, "bnl_com_2": null, "bnl_dep_2": null, "bnl_ext_2": null, "dep1_bnl_2": null, "dep2_bnl_2": null, "eq_com_2": null, "eq_dep_2": null, "eq_ext_2": null, "dep1_eq_2": null, "dep2_eq_2": null, "enqueteur_2": null }, "geometry": { "type": "MultiPolygon", "coordinates": [ [ [ [ 6.147177003456226, 45.226668211970214 ], [ 6.147574292656436, 45.224905216726711 ], [ 6.144905032770353, 45.224118035196966 ], [ 6.142068271672869, 45.223244264896131 ], [ 6.141523309094665, 45.223643661232778 ], [ 6.141022160346352, 45.223723757081459 ], [ 6.140724682972346, 45.223814433449306 ], [ 6.140192478246565, 45.224165920147357 ], [ 6.139382119201146, 45.224400019832288 ], [ 6.139134765824081, 45.224476576727263 ], [ 6.138867542579391, 45.224518745468551 ], [ 6.138492097067784, 45.224622384660037 ], [ 6.137887726431206, 45.225092936417461 ], [ 6.137808744210518, 45.225815848050694 ], [ 6.137563951754967, 45.225951128419027 ], [ 6.135968479016124, 45.225914883300419 ], [ 6.135716655986159, 45.225968885281723 ], [ 6.134672688695118, 45.226545244258837 ], [ 6.132793897776602, 45.227960080261788 ], [ 6.131722224883092, 45.2283031266915 ], [ 6.131053660822623, 45.228775826606963 ], [ 6.130928554053241, 45.228825489881118 ], [ 6.130456937978537, 45.229381228084769 ], [ 6.130269191732694, 45.229433042757996 ], [ 6.129901284328722, 45.229626166371098 ], [ 6.129159363978738, 45.229966190511021 ], [ 6.128681674971785, 45.230433392238858 ], [ 6.128179352270588, 45.230540296986831 ], [ 6.127634452068821, 45.230964382785231 ], [ 6.127292624083989, 45.231561078061056 ], [ 6.127199630056862, 45.23205952083795 ], [ 6.127084305796454, 45.232423554032962 ], [ 6.1272724421345, 45.233317914289678 ], [ 6.127541271948332, 45.233533678899434 ], [ 6.127636106869661, 45.233981346570062 ], [ 6.127340317265062, 45.235252314098517 ], [ 6.127099044936807, 45.235440070514159 ], [ 6.12712358537507, 45.235799341067597 ], [ 6.126959545278326, 45.236391003502114 ], [ 6.127181067637844, 45.236833323046262 ], [ 6.127402972323832, 45.238221803778671 ], [ 6.127876465951045, 45.238611154981179 ], [ 6.128379140324738, 45.238358764525842 ], [ 6.129078485746635, 45.238227589238754 ], [ 6.129369377614624, 45.238039168445972 ], [ 6.129604963723147, 45.238280830913219 ], [ 6.130293527154152, 45.238483297834627 ], [ 6.130842814815104, 45.23887005357151 ], [ 6.131174387011278, 45.239276624966983 ], [ 6.131647646425666, 45.239533897367842 ], [ 6.13228345683495, 45.239690702184504 ], [ 6.132940827225879, 45.239693011757808 ], [ 6.133484806846377, 45.239745636677043 ], [ 6.134109377567295, 45.239759384725986 ], [ 6.13473359907449, 45.239512088653768 ], [ 6.135035783546903, 45.239254128476354 ], [ 6.135343685294564, 45.238823655416539 ], [ 6.135837676817474, 45.238402303678079 ], [ 6.136712603513483, 45.237870929970668 ], [ 6.137137515106471, 45.237677895707215 ], [ 6.137646294988575, 45.237472708626399 ], [ 6.138069200687602, 45.237229182158949 ], [ 6.138299259914755, 45.236899390419019 ], [ 6.138519583231945, 45.236427536905474 ], [ 6.138814869857076, 45.236048042764807 ], [ 6.138760705017496, 45.235513351459055 ], [ 6.139817277760572, 45.235417350864864 ], [ 6.140626899484919, 45.235425769181738 ], [ 6.141371907839773, 45.235471467663672 ], [ 6.142310457760928, 45.235379492436167 ], [ 6.142882719325843, 45.235610628923418 ], [ 6.143581109894127, 45.235956109245507 ], [ 6.144238663897744, 45.236195670430291 ], [ 6.144824322994472, 45.236366494462274 ], [ 6.144737757035113, 45.23559455405551 ], [ 6.144791249678393, 45.235139756098071 ], [ 6.144779607099698, 45.234246593730447 ], [ 6.144772582576342, 45.233888786317998 ], [ 6.145187149272363, 45.233290569963536 ], [ 6.145173858845038, 45.232862821262842 ], [ 6.145310994473364, 45.232392772476587 ], [ 6.14564839341835, 45.231904503619468 ], [ 6.145735599124265, 45.231451639409251 ], [ 6.145884198058249, 45.231170019887571 ], [ 6.145843046454582, 45.230825762747273 ], [ 6.146181508741527, 45.230587159163825 ], [ 6.146440974228097, 45.23019753197476 ], [ 6.146664206050654, 45.229748251150411 ], [ 6.14692165880597, 45.229584649489524 ], [ 6.147050341038886, 45.229246961706501 ], [ 6.147208725240811, 45.229086754539082 ], [ 6.147240606690874, 45.228572845673071 ], [ 6.147158894080983, 45.228361028216561 ], [ 6.147378564312301, 45.228115143486747 ], [ 6.147328118926926, 45.227890910427519 ], [ 6.14737694188596, 45.227602386067268 ], [ 6.147182655005772, 45.227239655117515 ], [ 6.147140553549805, 45.226860352978285 ], [ 6.147177003456226, 45.226668211970214 ] ] ] ] } },
{ "type": "Feature", "properties": { "ogc_fid": 3261, "code": "UP0512001", "inseedep": "05", "inseecom": "05120", "nom1": "PELVAS", "nom2": null, "surface": 1548.28, "surf_mnt": 1762.8, "etage_alt": "HM", "prop_type1": "COM", "prop_reg": "AFPA", "usage": "O", "motif": null, "traite": "N", "transform": "N", "phae": "N", "mae": "O", "surf_mae": 101.77, "annee_ref": "2013", "source": "CERPAM", "id_source": null, "aut_source": null, "prop_type2": "PRI", "prop_type3": "N", "faire_val1": "CPP", "faire_val2": "N", "faire_val3": "N", "dern_usage": null, "util_pasto": "GP", "origine": "COM", "exploit": 2, "pension": "O", "esp_dom": "O", "date_deb": "2013-06-20", "date_fin": "2013-10-10", "duree": 112, "retour": "N", "circuit": "N", "conduite": "GAR", "parc": "N", "fauche": "N", "vente": "N", "accueil": "N", "travail": 5, "jours_trav": 130, "salarie": 1, "jours_sal": 110, "ef_ov_pat": 1400, "ef_ca_pat": 5, "ef_vl_pat": 0, "ef_vat_pat": 0, "ef_gt_pat": 0, "ef_bnl_pat": 0, "ef_eq_pat": 0, "ef_au_pat": 0, "ef_ov_15j": 1400, "ef_ca_15j": 5, "ef_vl_15j": 0, "ef_vat_15j": 0, "ef_gt_15j": 0, "ef_bnl_15j": 0, "ef_eq_15j": 0, "ef_au_15j": 0, "ov_com": 400, "ov_dep": 0, "ov_ext": 1000, "dep1_ov": "04", "dep2_ov": "N", "ca_com": 0, "ca_dep": 0, "ca_ext": 5, "dep1_ca": "04", "dep2_ca": "N", "vl_com": 0, "vl_dep": 0, "vl_ext": 0, "dep1_vl": "N", "dep2_vl": "N", "vat_com": 0, "vat_dep": 0, "vat_ext": 0, "dep1_vat": "N", "dep2_vat": "N", "gt_com": 0, "gt_dep": 0, "gt_ext": 0, "dep1_gt": "N", "dep2_gt": "N", "bnl_com": 0, "bnl_dep": 0, "bnl_ext": 0, "dep1_bnl": "N", "dep2_bnl": "N", "eq_com": 0, "eq_dep": 0, "eq_ext": 0, "dep1_eq": "N", "dep2_eq": "N", "enqueteur": "MJ", "ogc_fid_2": null, "code_2": null, "inseedep_2": null, "inseecom_2": null, "nom1_2": null, "nom2_2": null, "surface_2": null, "surf_mnt_2": null, "etage_alt_2": null, "prop_type1_2": null, "prop_reg_2": null, "usage_2": null, "motif_2": null, "traite_2": null, "transform_2": null, "phae_2": null, "mae_2": null, "surf_mae_2": null, "annee_ref_2": null, "source_2": null, "id_source_2": null, "aut_source_2": null, "prop_type2_2": null, "prop_type3_2": null, "faire_val1_2": null, "faire_val2_2": null, "faire_val3_2": null, "dern_usage_2": null, "util_pasto_2": null, "origine_2": null, "exploit_2": null, "pension_2": null, "esp_dom_2": null, "date_deb_2": null, "date_fin_2": null, "duree_2": null, "retour_2": null, "circuit_2": null, "conduite_2": null, "parc_2": null, "fauche_2": null, "vente_2": null, "accueil_2": null, "travail_2": null, "jours_trav_2": null, "salarie_2": null, "jours_sal_2": null, "ef_ov_pat_2": null, "ef_ca_pat_2": null, "ef_vl_pat_2": null, "ef_vat_pat_2": null, "ef_gt_pat_2": null, "ef_bnl_pat_2": null, "ef_eq_pat_2": null, "ef_au_pat_2": null, "ef_ov_15j_2": null, "ef_ca_15j_2": null, "ef_vl_15j_2": null, "ef_vat_15j_2": null, "ef_gt_15j_2": null, "ef_bnl_15j_2": null, "ef_eq_15j_2": null, "ef_au_15j_2": null, "ov_com_2": null, "ov_dep_2": null, "ov_ext_2": null, "dep1_ov_2": null, "dep2_ov_2": null, "ca_com_2": null, "ca_dep_2": null, "ca_ext_2": null, "dep1_ca_2": null, "dep2_ca_2": null, "vl_com_2": null, "vl_dep_2": null, "vl_ext_2": null, "dep1_vl_2": null, "dep2_vl_2": null, "vat_com_2": null, "vat_dep_2": null, "vat_ext_2": null, "dep1_vat_2": null, "dep2_vat_2": null, "gt_com_2": null, "gt_dep_2": null, "gt_ext_2": null, "dep1_gt_2": null, "dep2_gt_2": null, "bnl_com_2": null, "bnl_dep_2": null, "bnl_ext_2": null, "dep1_bnl_2": null, "dep2_bnl_2": null, "eq_com_2": null, "eq_dep_2": null, "eq_ext_2": null, "dep1_eq_2": null, "dep2_eq_2": null, "enqueteur_2": null }, "geometry": { "type": "MultiPolygon", "coordinates": [ [ [ [ 6.968196975422533, 44.791827247372744 ], [ 6.968770183742359, 44.791291264468747 ], [ 6.969658445954584, 44.791199270586254 ], [ 6.970733248720779, 44.790490343864121 ], [ 6.971349866346636, 44.790429300318799 ], [ 6.973008105793616, 44.79002314870327 ], [ 6.974477876971512, 44.789954071750934 ], [ 6.975216967310565, 44.790228552631781 ], [ 6.976571331332455, 44.79027271033533 ], [ 6.977618937423085, 44.790543539205835 ], [ 6.978656066457991, 44.789974483812784 ], [ 6.980587507510464, 44.78979098214981 ], [ 6.982013950621604, 44.78944291669665 ], [ 6.984103177099334, 44.789396202873576 ], [ 6.985497811349273, 44.789553063457426 ], [ 6.986539498972392, 44.789376039202146 ], [ 6.987970707129091, 44.789363204255167 ], [ 6.988469433888285, 44.788995302336495 ], [ 6.988930632127313, 44.788879852422198 ], [ 6.989771393125397, 44.788060975647511 ], [ 6.992711182984807, 44.788008073299025 ], [ 6.994101662479435, 44.787855455809215 ], [ 6.99503004847691, 44.787848214584663 ], [ 6.996195314356686, 44.788229428558694 ], [ 6.998022649451302, 44.788969820907795 ], [ 6.99946499476579, 44.789769652967074 ], [ 6.999571343612613, 44.789444393982791 ], [ 6.999772602222381, 44.788905304922032 ], [ 7.000130161760488, 44.788577331081484 ], [ 7.000683766050241, 44.788303937445171 ], [ 7.001710295197332, 44.787834967980658 ], [ 7.004191918936334, 44.786239750664208 ], [ 7.004660796085167, 44.78590773741076 ], [ 7.005402651398429, 44.785654828181265 ], [ 7.005935986896608, 44.785140499269573 ], [ 7.006916564049833, 44.78486988695839 ], [ 7.007531964230783, 44.784622618265587 ], [ 7.008218424556401, 44.78449853074229 ], [ 7.009809344247425, 44.784431762131007 ], [ 7.010910604409953, 44.784086024243102 ], [ 7.011705016527338, 44.783687022007683 ], [ 7.012058887554097, 44.78331411135504 ], [ 7.012495951387492, 44.78253225088659 ], [ 7.013242164321375, 44.78145887439225 ], [ 7.014074338035292, 44.780887565343015 ], [ 7.014550441030383, 44.780456127817878 ], [ 7.014810908163623, 44.779860637034808 ], [ 7.015053639509095, 44.778995750782379 ], [ 7.015661355101487, 44.778477592909191 ], [ 7.016094463084812, 44.778326939436567 ], [ 7.017274250181393, 44.777291900402631 ], [ 7.01872950398054, 44.776599917744903 ], [ 7.018941018435069, 44.776186172177162 ], [ 7.018959282636561, 44.77537444888609 ], [ 7.019351545035556, 44.774854891105022 ], [ 7.019708522376335, 44.774526869467735 ], [ 7.01997212020129, 44.773976280053823 ], [ 7.019822384754193, 44.772944563280809 ], [ 7.019927144084293, 44.7726256943523 ], [ 7.020402196449929, 44.772202380202494 ], [ 7.021123949430986, 44.771671936231108 ], [ 7.02152476467067, 44.771251312073645 ], [ 7.022129761467826, 44.770877495400057 ], [ 7.022870760726099, 44.770616378332583 ], [ 7.023373068669052, 44.770553102976493 ], [ 7.023755897619727, 44.769908114025903 ], [ 7.024151660529601, 44.769740798606989 ], [ 7.024613872388889, 44.769568362566758 ], [ 7.024584318758295, 44.769102650079105 ], [ 7.023024923731217, 44.767816418282145 ], [ 7.021624895661951, 44.766108979695062 ], [ 7.021715651032832, 44.76561063758971 ], [ 7.022736451112128, 44.765032539921165 ], [ 7.023731819480945, 44.764094179056116 ], [ 7.024365080576048, 44.763215078950459 ], [ 7.024749103435276, 44.762380867414521 ], [ 7.024938569343454, 44.760976735275491 ], [ 7.025193935846012, 44.760111364610616 ], [ 7.025095275363364, 44.759618822783978 ], [ 7.024882273245094, 44.759310552352567 ], [ 7.024935846294897, 44.758452517315355 ], [ 7.024865708288656, 44.757653203141423 ], [ 7.024729993759268, 44.757523049903696 ], [ 7.02508345740522, 44.756283877980849 ], [ 7.024250234859706, 44.755413048985481 ], [ 7.023291549304237, 44.755276022054225 ], [ 7.022190748560273, 44.754919141670634 ], [ 7.0219681898465, 44.754657189708539 ], [ 7.021857138028763, 44.753264119562083 ], [ 7.021714947576744, 44.753043194967198 ], [ 7.021631383424245, 44.751875081441121 ], [ 7.021345933902293, 44.751614466906688 ], [ 7.021633110501289, 44.751198914063416 ], [ 7.021667353252947, 44.750791601843282 ], [ 7.022006576751035, 44.750419321088636 ], [ 7.022224790884009, 44.749915268076961 ], [ 7.023335783477304, 44.749005293809567 ], [ 7.023289109162196, 44.747478047083561 ], [ 7.023523069384929, 44.747199643501112 ], [ 7.024190339204695, 44.746814215344216 ], [ 7.024593230925418, 44.74625043725289 ], [ 7.025374806619861, 44.745680866735448 ], [ 7.025588236112763, 44.745312065910184 ], [ 7.025948205569222, 44.74502893922314 ], [ 7.026170702116062, 44.74460666553972 ], [ 7.026005124993654, 44.743539709061814 ], [ 7.025345190180814, 44.742256528013606 ], [ 7.024189928769251, 44.741315611868558 ], [ 7.023725007574934, 44.741017448323873 ], [ 7.023371509206051, 44.740489279728166 ], [ 7.023452476451346, 44.740035241073919 ], [ 7.024283954331019, 44.739283884349724 ], [ 7.024747736140729, 44.738680976259026 ], [ 7.025439629532756, 44.737925490156186 ], [ 7.02593692322216, 44.737817482291213 ], [ 7.026460267665722, 44.737347350070756 ], [ 7.02657021964166, 44.737118343150208 ], [ 7.027102179010425, 44.736413691963079 ], [ 7.0274190749384, 44.735726058466184 ], [ 7.027948510583362, 44.735346700302642 ], [ 7.028319480991192, 44.73523408282206 ], [ 7.028953540974626, 44.735256033140793 ], [ 7.029173338265238, 44.734796935650422 ], [ 7.029922541251488, 44.733958470389972 ], [ 7.030363328541512, 44.73304144410973 ], [ 7.030394278350736, 44.732589220511308 ], [ 7.030655491576789, 44.731993661186692 ], [ 7.030549259818351, 44.731411347893953 ], [ 7.030242867733528, 44.73065648017996 ], [ 7.030010300630138, 44.730137588338934 ], [ 7.026995544096735, 44.730331025338266 ], [ 7.024559618471792, 44.730380011898561 ], [ 7.022358964392224, 44.730679070170567 ], [ 7.020313729149073, 44.731088051398437 ], [ 7.019348738510573, 44.731292124953441 ], [ 7.017992569550016, 44.731108248502608 ], [ 7.016181347881735, 44.731543407433456 ], [ 7.015805796109054, 44.732441910767967 ], [ 7.011664354047129, 44.735165319081474 ], [ 7.007003677770632, 44.736688359188122 ], [ 7.005441124088888, 44.738492752672158 ], [ 7.005219718741706, 44.739278407970673 ], [ 7.00465821055475, 44.740739075310437 ], [ 7.003045716812945, 44.741620746106577 ], [ 7.003201135978212, 44.744613875749806 ], [ 7.003794040300351, 44.745644708695686 ], [ 7.005244455346758, 44.747003661819775 ], [ 7.005138410646457, 44.747816380116419 ], [ 7.005580283111521, 44.749016827202226 ], [ 7.006135919044793, 44.75010389994398 ], [ 7.004562961043002, 44.751096523648215 ], [ 7.003562238254458, 44.751497131017977 ], [ 7.001516849187543, 44.751878832854111 ], [ 7.001690800189892, 44.753304247191089 ], [ 7.000928066431823, 44.754095259245297 ], [ 6.99973656579901, 44.75474949812461 ], [ 6.999247163239056, 44.755179188785689 ], [ 6.998513390381672, 44.755823235120928 ], [ 6.997991601307453, 44.757366807405361 ], [ 6.997968307601294, 44.758458867171619 ], [ 6.998552963267723, 44.758818128200595 ], [ 6.997248928183774, 44.759669087710016 ], [ 6.997453335232459, 44.760451118680621 ], [ 6.996774367134866, 44.76174438889182 ], [ 6.996720609074728, 44.763620198058163 ], [ 6.998312967231396, 44.76411022075748 ], [ 6.999016266891642, 44.764636927447306 ], [ 6.999712745322183, 44.764630164634539 ], [ 7.001418859178361, 44.764952285101252 ], [ 7.002930278521688, 44.765162829739012 ], [ 7.004103690943632, 44.76613307242873 ], [ 7.004805347952819, 44.766518364716582 ], [ 7.004620168648564, 44.767164111568292 ], [ 7.003386591409331, 44.767454811416194 ], [ 7.001492684369995, 44.767610203824397 ], [ 7.000349261920573, 44.768879848696997 ], [ 7.000244325491761, 44.769720379771044 ], [ 6.999702501765618, 44.769724668637508 ], [ 6.997937611640056, 44.770803621556063 ], [ 6.997801216875193, 44.772120447422083 ], [ 6.998814088842816, 44.772727935443534 ], [ 6.998704709381405, 44.773261000078975 ], [ 6.997195478100917, 44.773217442679368 ], [ 6.996532852329858, 44.772831503138555 ], [ 6.995550908293001, 44.771692142331354 ], [ 6.993732121767812, 44.771651322618418 ], [ 6.992323160544716, 44.77043186883062 ], [ 6.99170511019594, 44.770437378620933 ], [ 6.991594593956054, 44.770885827278171 ], [ 6.99105276792544, 44.770890208740212 ], [ 6.989383060680368, 44.770344447484646 ], [ 6.987365958453665, 44.769942332168746 ], [ 6.986169458783383, 44.770120756265122 ], [ 6.985244480609889, 44.770380670003348 ], [ 6.984480220859144, 44.771086964947287 ], [ 6.982839841986864, 44.772920168340498 ], [ 6.982925930485885, 44.773534886356543 ], [ 6.982128361405399, 44.774661538641801 ], [ 6.981660222061458, 44.774329233869786 ], [ 6.981197311128502, 44.774445800027571 ], [ 6.98100624407257, 44.774642784693761 ], [ 6.981477484326978, 44.775115337609478 ], [ 6.981057404877389, 44.775622226661952 ], [ 6.980468910114766, 44.77501123015881 ], [ 6.980423120685797, 44.774423728906257 ], [ 6.980147277093023, 44.774034882391916 ], [ 6.97901392615903, 44.773176266094559 ], [ 6.978306565028562, 44.77237103030599 ], [ 6.977693906480074, 44.772796254943948 ], [ 6.976964361094985, 44.773222292485066 ], [ 6.976192069617518, 44.773312625689414 ], [ 6.974456009059029, 44.773663354676536 ], [ 6.973769906229413, 44.774425044501456 ], [ 6.974366651071243, 44.775679955905687 ], [ 6.974459990476008, 44.776854761200148 ], [ 6.974834028606976, 44.7789220759106 ], [ 6.975459024768628, 44.779308682357708 ], [ 6.976165079171655, 44.78003042189232 ], [ 6.976878219132102, 44.781340238788189 ], [ 6.977354375161345, 44.782203821790468 ], [ 6.976267704417806, 44.782017287917292 ], [ 6.975187367828599, 44.782167074793108 ], [ 6.973795101719232, 44.782207020526471 ], [ 6.973574762195467, 44.780165152272119 ], [ 6.972815843781933, 44.778351515039425 ], [ 6.969487277437825, 44.77826842421635 ], [ 6.968130303175795, 44.778000228766956 ], [ 6.965510660638232, 44.778778106160559 ], [ 6.964425743353095, 44.778647106953294 ], [ 6.964819322033581, 44.779231356874739 ], [ 6.964710441374585, 44.779792349263602 ], [ 6.964287853857067, 44.779991774529094 ], [ 6.963096110054012, 44.78047833539236 ], [ 6.962128849413518, 44.780486974318158 ], [ 6.961465349994176, 44.78001621514548 ], [ 6.960602944349238, 44.779212088093239 ], [ 6.95924663372826, 44.779055314670615 ], [ 6.958013458166324, 44.779374415031562 ], [ 6.956821290683514, 44.779887830120494 ], [ 6.955584015868975, 44.779981913263974 ], [ 6.95520053873107, 44.780181799152658 ], [ 6.954509416933622, 44.780607119870922 ], [ 6.953623633932093, 44.780867117898786 ], [ 6.95240367638077, 44.782276607336691 ], [ 6.951675019155571, 44.782703383420234 ], [ 6.950595848296412, 44.78307585792961 ], [ 6.949556926888515, 44.783448509106222 ], [ 6.94987125438182, 44.783782238895824 ], [ 6.951307925768816, 44.784189659655922 ], [ 6.952094903127828, 44.785190990517833 ], [ 6.953895802376048, 44.786882790110049 ], [ 6.955038468052592, 44.788468932894958 ], [ 6.956244904104445, 44.789018244305076 ], [ 6.957295737848844, 44.789401510902756 ], [ 6.958145041273361, 44.789365898627658 ], [ 6.959584594331955, 44.789913608035903 ], [ 6.960551010289382, 44.789960736869183 ], [ 6.961794312585372, 44.790342220562117 ], [ 6.963773399411848, 44.790801082089565 ], [ 6.966486318352025, 44.791142503773983 ], [ 6.968196975422533, 44.791827247372744 ] ] ] ] } },
{ "type": "Feature", "properties": { "ogc_fid": 3281, "code": "UP0512002", "inseedep": "05", "inseecom": "05120", "nom1": "VISO", "nom2": null, "surface": 2339.52, "surf_mnt": 2820.77, "etage_alt": "HM", "prop_type1": "COM", "prop_reg": "AFPA", "usage": "O", "motif": null, "traite": "N", "transform": "N", "phae": "N", "mae": "N", "surf_mae": null, "annee_ref": "2013", "source": "CERPAM", "id_source": null, "aut_source": null, "prop_type2": "PRI", "prop_type3": "N", "faire_val1": "CPP", "faire_val2": "N", "faire_val3": "N", "dern_usage": null, "util_pasto": "GJ", "origine": "13", "exploit": 2, "pension": "N", "esp_dom": "O", "date_deb": "2013-06-25", "date_fin": "2013-10-10", "duree": 107, "retour": "N", "circuit": "N", "conduite": "GAR", "parc": "N", "fauche": "N", "vente": "N", "accueil": "N", "travail": 3, "jours_trav": 111, "salarie": 1, "jours_sal": 105, "ef_ov_pat": 1500, "ef_ca_pat": 0, "ef_vl_pat": 0, "ef_vat_pat": 0, "ef_gt_pat": 0, "ef_bnl_pat": 0, "ef_eq_pat": 0, "ef_au_pat": 0, "ef_ov_15j": 1500, "ef_ca_15j": 0, "ef_vl_15j": 0, "ef_vat_15j": 0, "ef_gt_15j": 0, "ef_bnl_15j": 0, "ef_eq_15j": 0, "ef_au_15j": 0, "ov_com": 0, "ov_dep": 0, "ov_ext": 1500, "dep1_ov": "13", "dep2_ov": "N", "ca_com": 0, "ca_dep": 0, "ca_ext": 0, "dep1_ca": "N", "dep2_ca": "N", "vl_com": 0, "vl_dep": 0, "vl_ext": 0, "dep1_vl": "N", "dep2_vl": "N", "vat_com": 0, "vat_dep": 0, "vat_ext": 0, "dep1_vat": "N", "dep2_vat": "N", "gt_com": 0, "gt_dep": 0, "gt_ext": 0, "dep1_gt": "N", "dep2_gt": "N", "bnl_com": 0, "bnl_dep": 0, "bnl_ext": 0, "dep1_bnl": "N", "dep2_bnl": "N", "eq_com": 0, "eq_dep": 0, "eq_ext": 0, "dep1_eq": "N", "dep2_eq": "N", "enqueteur": "MJ", "ogc_fid_2": null, "code_2": null, "inseedep_2": null, "inseecom_2": null, "nom1_2": null, "nom2_2": null, "surface_2": null, "surf_mnt_2": null, "etage_alt_2": null, "prop_type1_2": null, "prop_reg_2": null, "usage_2": null, "motif_2": null, "traite_2": null, "transform_2": null, "phae_2": null, "mae_2": null, "surf_mae_2": null, "annee_ref_2": null, "source_2": null, "id_source_2": null, "aut_source_2": null, "prop_type2_2": null, "prop_type3_2": null, "faire_val1_2": null, "faire_val2_2": null, "faire_val3_2": null, "dern_usage_2": null, "util_pasto_2": null, "origine_2": null, "exploit_2": null, "pension_2": null, "esp_dom_2": null, "date_deb_2": null, "date_fin_2": null, "duree_2": null, "retour_2": null, "circuit_2": null, "conduite_2": null, "parc_2": null, "fauche_2": null, "vente_2": null, "accueil_2": null, "travail_2": null, "jours_trav_2": null, "salarie_2": null, "jours_sal_2": null, "ef_ov_pat_2": null, "ef_ca_pat_2": null, "ef_vl_pat_2": null, "ef_vat_pat_2": null, "ef_gt_pat_2": null, "ef_bnl_pat_2": null, "ef_eq_pat_2": null, "ef_au_pat_2": null, "ef_ov_15j_2": null, "ef_ca_15j_2": null, "ef_vl_15j_2": null, "ef_vat_15j_2": null, "ef_gt_15j_2": null, "ef_bnl_15j_2": null, "ef_eq_15j_2": null, "ef_au_15j_2": null, "ov_com_2": null, "ov_dep_2": null, "ov_ext_2": null, "dep1_ov_2": null, "dep2_ov_2": null, "ca_com_2": null, "ca_dep_2": null, "ca_ext_2": null, "dep1_ca_2": null, "dep2_ca_2": null, "vl_com_2": null, "vl_dep_2": null, "vl_ext_2": null, "dep1_vl_2": null, "dep2_vl_2": null, "vat_com_2": null, "vat_dep_2": null, "vat_ext_2": null, "dep1_vat_2": null, "dep2_vat_2": null, "gt_com_2": null, "gt_dep_2": null, "gt_ext_2": null, "dep1_gt_2": null, "dep2_gt_2": null, "bnl_com_2": null, "bnl_dep_2": null, "bnl_ext_2": null, "dep1_bnl_2": null, "dep2_bnl_2": null, "eq_com_2": null, "eq_dep_2": null, "eq_ext_2": null, "dep1_eq_2": null, "dep2_eq_2": null, "enqueteur_2": null }, "geometry": { "type": "MultiPolygon", "coordinates": [ [ [ [ 6.990491636888523, 44.724084696237881 ], [ 6.992184127148829, 44.724398745357448 ], [ 6.996092810233898, 44.726059444952597 ], [ 6.997244916571319, 44.7259157485543 ], [ 6.997935912048088, 44.726009374008633 ], [ 6.998382512323745, 44.725669393155101 ], [ 6.999526657347801, 44.725339224476606 ], [ 7.000318668044196, 44.725029074682844 ], [ 7.002437952994002, 44.724260131210343 ], [ 7.00351319715375, 44.72419906152377 ], [ 7.003921247206709, 44.724090863027541 ], [ 7.004796504864591, 44.724135319808326 ], [ 7.005370810951833, 44.72435360067211 ], [ 7.005910196677656, 44.724763259686689 ], [ 7.006323711523205, 44.724982082784194 ], [ 7.007369225683405, 44.724828345926682 ], [ 7.008331447335399, 44.72454388485211 ], [ 7.009183817247877, 44.724309639636125 ], [ 7.009837747301225, 44.723957771407463 ], [ 7.01148403363265, 44.722797832351191 ], [ 7.011849710274118, 44.7223405177877 ], [ 7.012382176524906, 44.721902981178502 ], [ 7.012388202199809, 44.721524826475026 ], [ 7.013130154132513, 44.720870912254682 ], [ 7.013809953327885, 44.720239259437044 ], [ 7.014855175321117, 44.719131625460385 ], [ 7.015809206566002, 44.718144524831622 ], [ 7.016449124952876, 44.717640460697247 ], [ 7.017104658699139, 44.716946248784367 ], [ 7.017368088620914, 44.716763198906889 ], [ 7.018318985820568, 44.716598860206226 ], [ 7.018661514600177, 44.716413475364391 ], [ 7.019634094914102, 44.716032527933606 ], [ 7.020137661589409, 44.715914035794121 ], [ 7.020344959181186, 44.717004888804333 ], [ 7.020362750286168, 44.71719544226282 ], [ 7.020358788142209, 44.719050523241044 ], [ 7.020445777280726, 44.719641380898317 ], [ 7.020086617165092, 44.721335070374053 ], [ 7.019879222238034, 44.722095370656248 ], [ 7.019766556634226, 44.722721607628614 ], [ 7.019513044735428, 44.723394067201241 ], [ 7.019420493123951, 44.723792269473414 ], [ 7.017728903329429, 44.723875467572192 ], [ 7.017082527687719, 44.724730801601403 ], [ 7.015542104201875, 44.725497148826946 ], [ 7.015314536614482, 44.725960012643142 ], [ 7.014991294584254, 44.727171134124042 ], [ 7.012521920010852, 44.728445481965949 ], [ 7.014793107531477, 44.729544389845984 ], [ 7.016825033939826, 44.730399483886629 ], [ 7.017992569550016, 44.731108248502608 ], [ 7.019348738510573, 44.731292124953441 ], [ 7.020313729149073, 44.731088051398437 ], [ 7.022358964392224, 44.730679070170567 ], [ 7.024559618471792, 44.730380011898561 ], [ 7.026995544096735, 44.730331025338266 ], [ 7.030010300630138, 44.730137588338934 ], [ 7.029913585551289, 44.729767360221025 ], [ 7.030688450842526, 44.729288046572862 ], [ 7.030921154034521, 44.729009535650029 ], [ 7.030956451233391, 44.728602182434756 ], [ 7.031484214833144, 44.728221919389625 ], [ 7.032723305665212, 44.727852515773854 ], [ 7.033554210163632, 44.727092042789877 ], [ 7.034243279318487, 44.726300764766691 ], [ 7.03526937822576, 44.725623083765512 ], [ 7.035971674541399, 44.725011425794172 ], [ 7.036151447653352, 44.724698999551549 ], [ 7.036108861902637, 44.724285289383673 ], [ 7.03668833605174, 44.72354302010514 ], [ 7.037340369990676, 44.723114246696099 ], [ 7.038032939803276, 44.722367843372602 ], [ 7.038708453330309, 44.722107906777602 ], [ 7.03958653687767, 44.721129849371643 ], [ 7.039946000942539, 44.720837494867382 ], [ 7.040315398258546, 44.720012816777896 ], [ 7.040797819192719, 44.719679189497185 ], [ 7.041225008772892, 44.719474414477318 ], [ 7.042106806577996, 44.718549205953749 ], [ 7.042400541803603, 44.718403524702858 ], [ 7.043339208662448, 44.71826997622491 ], [ 7.044016898653502, 44.718020202231756 ], [ 7.044902444315869, 44.718023667717979 ], [ 7.045887756710751, 44.717663383592622 ], [ 7.046609213250332, 44.717320988734151 ], [ 7.04932441674945, 44.716401266141141 ], [ 7.050820029925397, 44.716112317319073 ], [ 7.051813253852616, 44.715841746215176 ], [ 7.053636792553698, 44.715008786066903 ], [ 7.054616269635978, 44.71474788746189 ], [ 7.055208082205632, 44.71489698399472 ], [ 7.056267379068731, 44.714848959548732 ], [ 7.057008805365375, 44.714605961228877 ], [ 7.058775320912275, 44.714577007385806 ], [ 7.059150458521119, 44.71450902120835 ], [ 7.06003337044037, 44.714476626369787 ], [ 7.060483132533085, 44.714586013659584 ], [ 7.06206943372407, 44.714482757550769 ], [ 7.062687443928213, 44.71428008514026 ], [ 7.063155376775475, 44.713947833057667 ], [ 7.063593298990486, 44.713877525804584 ], [ 7.06516453728722, 44.713765582508728 ], [ 7.065785774336896, 44.713607802848713 ], [ 7.066018161109502, 44.71332814088229 ], [ 7.066472476524568, 44.712094301855558 ], [ 7.066378306114911, 44.710791509683276 ], [ 7.066081273864196, 44.710171341626356 ], [ 7.065393517856334, 44.709565531609769 ], [ 7.065312399942624, 44.708621412573187 ], [ 7.065236736877884, 44.708272343523291 ], [ 7.066405572734453, 44.707139086418422 ], [ 7.066895850155526, 44.706219939826518 ], [ 7.067154747636332, 44.705615036263055 ], [ 7.067614168058616, 44.704967060262319 ], [ 7.067552440379717, 44.704113235189382 ], [ 7.067447141700473, 44.703711033357635 ], [ 7.067957894452333, 44.702205073832296 ], [ 7.068378953018502, 44.701918602663241 ], [ 7.069504930642076, 44.701742097640754 ], [ 7.070118012875724, 44.701494530696635 ], [ 7.070755808770865, 44.70087581072243 ], [ 7.070931312989239, 44.699968227368252 ], [ 7.071009463972964, 44.69843314256746 ], [ 7.070989900851035, 44.698162741126055 ], [ 7.07125588919665, 44.697656954456697 ], [ 7.071854183088442, 44.697184774882452 ], [ 7.072170792443045, 44.696487945660785 ], [ 7.072594893302045, 44.696066257211712 ], [ 7.073183552609351, 44.695639453615726 ], [ 7.073260288716538, 44.694960514100359 ], [ 7.073357042321938, 44.694730993754398 ], [ 7.073153210481584, 44.693837376515027 ], [ 7.073490165663436, 44.693238776780248 ], [ 7.074193713174354, 44.692482660154781 ], [ 7.075151188943528, 44.69105012899211 ], [ 7.07541710633525, 44.6905443336546 ], [ 7.07559037377534, 44.690303607785289 ], [ 7.075683713570785, 44.689849200441223 ], [ 7.075589107345679, 44.689411861050743 ], [ 7.074936673617516, 44.688443639411012 ], [ 7.074765194153366, 44.687818874316854 ], [ 7.074732839468984, 44.687550027161173 ], [ 7.075261670768131, 44.686989515766676 ], [ 7.075464273872211, 44.686305937165528 ], [ 7.075517007048532, 44.68544790047703 ], [ 7.075501757218331, 44.684546258620607 ], [ 7.076126156966962, 44.683568034031701 ], [ 7.076409572967002, 44.682430373058857 ], [ 7.076832021377336, 44.682144760128971 ], [ 7.077144373865091, 44.681412102978371 ], [ 7.077108541659088, 44.68091742855821 ], [ 7.073699877851786, 44.680250385207934 ], [ 7.071633902397139, 44.679478501605423 ], [ 7.071067969322114, 44.679499339134274 ], [ 7.070378294199157, 44.679758932833167 ], [ 7.069433176469395, 44.679793719307739 ], [ 7.069241284162342, 44.679755752412781 ], [ 7.06842530163655, 44.679830806712076 ], [ 7.068243147499472, 44.67992756608885 ], [ 7.066284320227204, 44.679918754185003 ], [ 7.065591262495952, 44.679953433277362 ], [ 7.06442379354036, 44.680221359805437 ], [ 7.063478664379219, 44.680256095436384 ], [ 7.062452011000622, 44.680033111973465 ], [ 7.060976964767204, 44.679915427808822 ], [ 7.059730154101286, 44.679961210518137 ], [ 7.058867864961393, 44.680272096114443 ], [ 7.058197238780133, 44.68061272084929 ], [ 7.056843077735692, 44.680941640508586 ], [ 7.055308467457698, 44.68172825627785 ], [ 7.053813513180765, 44.682729207396171 ], [ 7.053324867252717, 44.682792012650566 ], [ 7.051403597282984, 44.682610909312402 ], [ 7.049651993856664, 44.68267506900392 ], [ 7.047841570684773, 44.682975554716805 ], [ 7.047164319231294, 44.683225348897381 ], [ 7.046750341913802, 44.683609784219584 ], [ 7.046474573865542, 44.684160889780003 ], [ 7.046111945593575, 44.684400245737741 ], [ 7.044376406389324, 44.68468873744547 ], [ 7.043407473009057, 44.685274377553732 ], [ 7.042865717856188, 44.685474296820608 ], [ 7.041893575668221, 44.686195124363955 ], [ 7.040544290251509, 44.686568551540844 ], [ 7.039882112951377, 44.687034639840483 ], [ 7.039081233971983, 44.688019217466767 ], [ 7.037935230801811, 44.688611273025117 ], [ 7.037759061957618, 44.688797817091732 ], [ 7.037086518143665, 44.689273325416096 ], [ 7.036789709404935, 44.68937421546503 ], [ 7.035527250947615, 44.689384455401843 ], [ 7.035214362626585, 44.689440899878655 ], [ 7.03480347786338, 44.689870201871592 ], [ 7.034082021910973, 44.690203331666169 ], [ 7.033590089400242, 44.690401250439493 ], [ 7.032522729056005, 44.690494395492792 ], [ 7.032038736311405, 44.690782073374123 ], [ 7.03116969480327, 44.691002923232681 ], [ 7.030697112074724, 44.691291260765361 ], [ 7.030313579246101, 44.691404352908293 ], [ 7.028986144209028, 44.691407824656153 ], [ 7.027459254887473, 44.691246545780743 ], [ 7.026815681909694, 44.691090003685368 ], [ 7.024871867383033, 44.691295706644468 ], [ 7.023734904798909, 44.691301243433116 ], [ 7.022571078420069, 44.690946848588922 ], [ 7.021841158312983, 44.690621556636238 ], [ 7.020490627077944, 44.69030137942552 ], [ 7.019586240590677, 44.689847333031736 ], [ 7.018893483293367, 44.689160722872721 ], [ 7.018117553509727, 44.688917804995164 ], [ 7.017790141579629, 44.6887497253677 ], [ 7.017411919789191, 44.688772659814148 ], [ 7.016867923675614, 44.689107475933156 ], [ 7.016618164774227, 44.689161574331123 ], [ 7.015040454346564, 44.689173834681093 ], [ 7.01389599309837, 44.689089489500702 ], [ 7.012607872430945, 44.688739505097857 ], [ 7.011025459698508, 44.688706851986282 ], [ 7.010068018494031, 44.688570792908237 ], [ 7.009803701724137, 44.68839932110636 ], [ 7.009300046118255, 44.688417580787004 ], [ 7.008805503494058, 44.688760704080664 ], [ 7.008811901504141, 44.68885052652017 ], [ 7.00862641698092, 44.688902276851472 ], [ 7.007866593499522, 44.688884787342545 ], [ 7.006895646843263, 44.688558940691756 ], [ 7.005774265648013, 44.687887648176627 ], [ 7.005231077751447, 44.687366320620221 ], [ 7.004712113773024, 44.6871693088735 ], [ 7.003376628992611, 44.687036605866332 ], [ 7.002250728920279, 44.687212302482131 ], [ 7.001584667095449, 44.687606761272669 ], [ 7.000184370057847, 44.689063664902861 ], [ 6.99934136664017, 44.690356258122385 ], [ 6.999346164253676, 44.690663836265486 ], [ 6.999609410816362, 44.690991275219496 ], [ 6.999512712882686, 44.691727102220895 ], [ 6.999242847078807, 44.692272181009145 ], [ 6.999139328645774, 44.692922797814553 ], [ 6.999243580600076, 44.693706932739353 ], [ 6.999137597934606, 44.695736709059247 ], [ 6.998544364212786, 44.697616703321565 ], [ 6.998420074223378, 44.698973088891506 ], [ 6.998585579378122, 44.700005568134365 ], [ 6.998475048762101, 44.700573821615784 ], [ 6.998406324453966, 44.701645056565916 ], [ 6.999053859556834, 44.704204421728953 ], [ 6.998015619672927, 44.704530094998681 ], [ 6.997215681819112, 44.705343933603437 ], [ 6.996752851286817, 44.705933703259369 ], [ 6.996336418834337, 44.706146433626927 ], [ 6.99576678951234, 44.707352452220924 ], [ 6.995006702497182, 44.709129062865813 ], [ 6.994515404220667, 44.709852767832061 ], [ 6.994080472638822, 44.710799030207774 ], [ 6.993871539033195, 44.711595425937475 ], [ 6.993351576196774, 44.712460785030174 ], [ 6.992998607190947, 44.713910470590925 ], [ 6.992833817753564, 44.717151341339338 ], [ 6.992491183587796, 44.71823421577804 ], [ 6.992137545775388, 44.719204985706078 ], [ 6.992548725388322, 44.719413664151958 ], [ 6.992496092708693, 44.720681463541524 ], [ 6.992358720527808, 44.72186699872821 ], [ 6.992068333511758, 44.722639016636364 ], [ 6.990491636888523, 44.724084696237881 ] ] ] ] } },
{ "type": "Feature", "properties": { "ogc_fid": null, "code": null, "inseedep": null, "inseecom": null, "nom1": null, "nom2": null, "surface": null, "surf_mnt": null, "etage_alt": null, "prop_type1": null, "prop_reg": null, "usage": null, "motif": null, "traite": null, "transform": null, "phae": null, "mae": null, "surf_mae": null, "annee_ref": null, "source": null, "id_source": null, "aut_source": null, "prop_type2": null, "prop_type3": null, "faire_val1": null, "faire_val2": null, "faire_val3": null, "dern_usage": null, "util_pasto": null, "origine": null, "exploit": null, "pension": null, "esp_dom": null, "date_deb": null, "date_fin": null, "duree": null, "retour": null, "circuit": null, "conduite": null, "parc": null, "fauche": null, "vente": null, "accueil": null, "travail": null, "jours_trav": null, "salarie": null, "jours_sal": null, "ef_ov_pat": null, "ef_ca_pat": null, "ef_vl_pat": null, "ef_vat_pat": null, "ef_gt_pat": null, "ef_bnl_pat": null, "ef_eq_pat": null, "ef_au_pat": null, "ef_ov_15j": null, "ef_ca_15j": null, "ef_vl_15j": null, "ef_vat_15j": null, "ef_gt_15j": null, "ef_bnl_15j": null, "ef_eq_15j": null, "ef_au_15j": null, "ov_com": null, "ov_dep": null, "ov_ext": null, "dep1_ov": null, "dep2_ov": null, "ca_com": null, "ca_dep": null, "ca_ext": null, "dep1_ca": null, "dep2_ca": null, "vl_com": null, "vl_dep": null, "vl_ext": null, "dep1_vl": null, "dep2_vl": null, "vat_com": null, "vat_dep": null, "vat_ext": null, "dep1_vat": null, "dep2_vat": null, "gt_com": null, "gt_dep": null, "gt_ext": null, "dep1_gt": null, "dep2_gt": null, "bnl_com": null, "bnl_dep": null, "bnl_ext": null, "dep1_bnl": null, "dep2_bnl": null, "eq_com": null, "eq_dep": null, "eq_ext": null, "dep1_eq": null, "dep2_eq": null, "enqueteur": null, "ogc_fid_2": 1538, "code_2": "UP7420812", "inseedep_2": "74", "inseecom_2": "74208", "nom1_2": "CURALLA PLATE", "nom2_2": "CURALLA PLATE", "surface_2": 560.84, "surf_mnt_2": 649.9, "etage_alt_2": "HM", "prop_type1_2": "PRI", "prop_reg_2": "N", "usage_2": "O", "motif_2": "0", "traite_2": "N", "transform_2": "N", "phae_2": "O", "mae_2": "N", "surf_mae_2": null, "annee_ref_2": "2013", "source_2": "SEA74", "id_source_2": null, "aut_source_2": null, "prop_type2_2": "N", "prop_type3_2": "N", "faire_val1_2": "VER", "faire_val2_2": "N", "faire_val3_2": "N", "dern_usage_2": null, "util_pasto_2": "IND", "origine_2": "74", "exploit_2": 1, "pension_2": "N", "esp_dom_2": "O", "date_deb_2": "2013-07-01", "date_fin_2": "2013-10-15", "duree_2": 106, "retour_2": "N", "circuit_2": "N", "conduite_2": "HEB", "parc_2": "O", "fauche_2": "N", "vente_2": "N", "accueil_2": "N", "travail_2": 1, "jours_trav_2": 4, "salarie_2": 0, "jours_sal_2": 0, "ef_ov_pat_2": 500, "ef_ca_pat_2": 0, "ef_vl_pat_2": 0, "ef_vat_pat_2": 0, "ef_gt_pat_2": 0, "ef_bnl_pat_2": 0, "ef_eq_pat_2": 0, "ef_au_pat_2": 0, "ef_ov_15j_2": 500, "ef_ca_15j_2": 0, "ef_vl_15j_2": 0, "ef_vat_15j_2": 0, "ef_gt_15j_2": 0, "ef_bnl_15j_2": 0, "ef_eq_15j_2": 0, "ef_au_15j_2": 0, "ov_com_2": 0, "ov_dep_2": 500, "ov_ext_2": 0, "dep1_ov_2": "N", "dep2_ov_2": "N", "ca_com_2": 0, "ca_dep_2": 0, "ca_ext_2": 0, "dep1_ca_2": "N", "dep2_ca_2": "N", "vl_com_2": 0, "vl_dep_2": 0, "vl_ext_2": 0, "dep1_vl_2": "N", "dep2_vl_2": "N", "vat_com_2": 0, "vat_dep_2": 0, "vat_ext_2": 0, "dep1_vat_2": "N", "dep2_vat_2": "N", "gt_com_2": 0, "gt_dep_2": 0, "gt_ext_2": 0, "dep1_gt_2": "N", "dep2_gt_2": "N", "bnl_com_2": 0, "bnl_dep_2": 0, "bnl_ext_2": 0, "dep1_bnl_2": "N", "dep2_bnl_2": "N", "eq_com_2": 0, "eq_dep_2": 0, "eq_ext_2": 0, "dep1_eq_2": "N", "dep2_eq_2": "N", "enqueteur_2": "HT" }, "geometry": { "type": "MultiPolygon", "coordinates": [ [ [ [ 6.715240524360606, 45.957774965149518 ], [ 6.714194258505151, 45.956962921226619 ], [ 6.70981016191624, 45.95546293632907 ], [ 6.709982227916815, 45.954225690003334 ], [ 6.711009754915116, 45.953451770984742 ], [ 6.712536571694812, 45.952753292198217 ], [ 6.712496142743563, 45.952752920129534 ], [ 6.712459087297722, 45.952733713257032 ], [ 6.712404564034061, 45.952681117610531 ], [ 6.712398488765044, 45.952642124306578 ], [ 6.712361561968859, 45.952476318260153 ], [ 6.712334985920041, 45.952403021711703 ], [ 6.712251914029682, 45.952252429653257 ], [ 6.712259351214239, 45.952160261192155 ], [ 6.712227284767578, 45.952092339777224 ], [ 6.712201457886646, 45.952065469982088 ], [ 6.712163745293509, 45.952038029751023 ], [ 6.712114480264519, 45.952032717884812 ], [ 6.712078498597651, 45.952045472121355 ], [ 6.71207677651837, 45.952042441987437 ], [ 6.71204249501959, 45.951965315439317 ], [ 6.711922599251283, 45.951724274871616 ], [ 6.711832472599009, 45.951540921469885 ], [ 6.71190000908754, 45.951515585156002 ], [ 6.711955824316649, 45.951491736665496 ], [ 6.711867831019264, 45.951316559220331 ], [ 6.711716936653717, 45.951002393798127 ], [ 6.71170873754534, 45.950992388892331 ], [ 6.711595434205739, 45.950889427176399 ], [ 6.711263890098714, 45.950592604604417 ], [ 6.711083607929249, 45.950429271519091 ], [ 6.710842867454011, 45.950416945862486 ], [ 6.710380895714837, 45.950395664516009 ], [ 6.709850152174844, 45.950365696829316 ], [ 6.709841299788313, 45.950366040692337 ], [ 6.709838484282666, 45.950219556198171 ], [ 6.709836658435569, 45.950104003796952 ], [ 6.709829995596109, 45.949983477530921 ], [ 6.709682924776421, 45.949865308170054 ], [ 6.709572499719958, 45.949779782829275 ], [ 6.70954889007107, 45.949762117559047 ], [ 6.709465354409375, 45.949698259408144 ], [ 6.709319435345268, 45.949594497809279 ], [ 6.709280168364704, 45.949566084761244 ], [ 6.709156055398652, 45.949475928942341 ], [ 6.709122443622758, 45.949444199154051 ], [ 6.709088174663906, 45.949404236077093 ], [ 6.709000125129093, 45.949302355968655 ], [ 6.708967496017588, 45.949264393875673 ], [ 6.708800500075209, 45.949081959281315 ], [ 6.708679848774223, 45.949090774194957 ], [ 6.708618199164623, 45.949022968507812 ], [ 6.708584177265238, 45.948986092759057 ], [ 6.708407857342871, 45.948909319452206 ], [ 6.708177847009686, 45.94880882197323 ], [ 6.708377083579943, 45.948690623927128 ], [ 6.708583531759901, 45.948570080740296 ], [ 6.708780722763422, 45.94848189950963 ], [ 6.70910166770051, 45.948331099891838 ], [ 6.70928254265981, 45.948223936756222 ], [ 6.709297296066076, 45.94822336372421 ], [ 6.709409007673108, 45.94819528064405 ], [ 6.709506212252917, 45.948170857992828 ], [ 6.70968718594998, 45.948157634248894 ], [ 6.709785951453568, 45.948152765383455 ], [ 6.709832179924638, 45.948157163728901 ], [ 6.710070784964178, 45.948198479939741 ], [ 6.710141440630389, 45.948212252731146 ], [ 6.710330691124368, 45.948191479954325 ], [ 6.710433389590029, 45.948180263617715 ], [ 6.710532644269786, 45.948162986874387 ], [ 6.710618785211945, 45.94814828424709 ], [ 6.710767794252933, 45.948142494768071 ], [ 6.710820252875594, 45.948150780051805 ], [ 6.710997301347469, 45.948181065475993 ], [ 6.711111152969012, 45.948198321001605 ], [ 6.711191725312783, 45.948206546053228 ], [ 6.711260659357741, 45.948217287996208 ], [ 6.711359844090792, 45.948254727893648 ], [ 6.711453702967185, 45.948299601136291 ], [ 6.711582567647809, 45.948375116871524 ], [ 6.711627654142111, 45.948402270621273 ], [ 6.711748389931588, 45.94841306388637 ], [ 6.711893882116656, 45.948437347835878 ], [ 6.711959783696996, 45.948447174868079 ], [ 6.712064533102158, 45.948443103809872 ], [ 6.712275342786643, 45.94843284574425 ], [ 6.712344930547669, 45.948433238107334 ], [ 6.712425256780493, 45.948438374804638 ], [ 6.712628109564148, 45.948402616522806 ], [ 6.712739732993641, 45.948354918807496 ], [ 6.712210019932397, 45.946040326622594 ], [ 6.707438449714946, 45.944531602555671 ], [ 6.702183243228357, 45.942483977377087 ], [ 6.693725695623759, 45.941748336699618 ], [ 6.692584132951688, 45.941944269151627 ], [ 6.692564692187177, 45.942090581060782 ], [ 6.692556575288637, 45.942118768266461 ], [ 6.69211703565235, 45.942248300056839 ], [ 6.691930915560172, 45.942252404004378 ], [ 6.691713652694352, 45.942255647796351 ], [ 6.691627682256232, 45.942253812023345 ], [ 6.691580312357924, 45.9422535799063 ], [ 6.69147573965498, 45.94224110795259 ], [ 6.691377558636028, 45.942234582669791 ], [ 6.69131371617846, 45.942231890655364 ], [ 6.691130955495737, 45.942241025011853 ], [ 6.69100154723289, 45.942251192380702 ], [ 6.690884758495534, 45.942271194847777 ], [ 6.690608230627734, 45.942347960061461 ], [ 6.690148363205725, 45.943953478715343 ], [ 6.690979624210422, 45.946927494712867 ], [ 6.691006171736801, 45.946982214133342 ], [ 6.691177667031941, 45.947333802059376 ], [ 6.691359571104256, 45.947704601619314 ], [ 6.691534594380059, 45.948063279097816 ], [ 6.6917183877781, 45.948439166893337 ], [ 6.691856214025734, 45.948720825256842 ], [ 6.691898823811372, 45.94881002268383 ], [ 6.692047140835507, 45.949111921830905 ], [ 6.692131543439122, 45.949280024805638 ], [ 6.692237661192604, 45.949497872230758 ], [ 6.692333290649626, 45.949695478589305 ], [ 6.692426790674639, 45.949884908571974 ], [ 6.692499558330451, 45.950036944087081 ], [ 6.692520536873017, 45.950077425996263 ], [ 6.692561100486555, 45.950159476057756 ], [ 6.69263542613681, 45.950312483578017 ], [ 6.69270811309388, 45.950463489791041 ], [ 6.69278030936434, 45.950608320926378 ], [ 6.692854472537209, 45.950759269963044 ], [ 6.692935847450689, 45.950926457355429 ], [ 6.693018780146724, 45.951094616774704 ], [ 6.693076882655217, 45.951211087618034 ], [ 6.693145884439925, 45.95135294518925 ], [ 6.693204314921708, 45.951473532656401 ], [ 6.69325381312416, 45.951574851287475 ], [ 6.69333207584921, 45.951740094242666 ], [ 6.693408208699634, 45.95189716086518 ], [ 6.693487456629491, 45.95205617159251 ], [ 6.693520893355075, 45.952123012122776 ], [ 6.693562278632565, 45.95221535355234 ], [ 6.694102788889238, 45.952200630364366 ], [ 6.6941691846477, 45.952198060732719 ], [ 6.69472969591912, 45.952174301719616 ], [ 6.695148890225603, 45.952160139842995 ], [ 6.695142745417439, 45.952120116427984 ], [ 6.695120377409731, 45.951987810368109 ], [ 6.695107760308348, 45.951903646854049 ], [ 6.695087276012275, 45.951795011709905 ], [ 6.695143846654762, 45.951631776682852 ], [ 6.695213207219598, 45.951424688189022 ], [ 6.69549551241666, 45.951345624775328 ], [ 6.695795358200693, 45.951263816821175 ], [ 6.695882653438988, 45.95128211612618 ], [ 6.695997325661931, 45.951309678773285 ], [ 6.695999861658892, 45.951397329584111 ], [ 6.696187817622166, 45.951360114080693 ], [ 6.696477743101833, 45.951302432249726 ], [ 6.696665449291263, 45.951336457172658 ], [ 6.696891932021965, 45.951244066742611 ], [ 6.697261286793147, 45.951087298944252 ], [ 6.697411782199266, 45.951025723626707 ], [ 6.697618507272173, 45.950964034816614 ], [ 6.697800805237694, 45.9509115505426 ], [ 6.697868100211848, 45.950938881766724 ], [ 6.697888018215624, 45.950947401307026 ], [ 6.697951050895719, 45.950976962274311 ], [ 6.697995641023408, 45.950997946534876 ], [ 6.698036214645529, 45.95102424808092 ], [ 6.698085148816879, 45.951062613858035 ], [ 6.698116706068677, 45.95108719996621 ], [ 6.69812777160084, 45.951096062393972 ], [ 6.698173673093677, 45.951133513274868 ], [ 6.698202033716323, 45.951155126166313 ], [ 6.69822146014515, 45.951157470639082 ], [ 6.698300559352732, 45.951165762171108 ], [ 6.698374740054493, 45.951205214479529 ], [ 6.698430642004845, 45.951238148474722 ], [ 6.698488429234997, 45.951276171121833 ], [ 6.698611791792932, 45.951264165447419 ], [ 6.698736711278784, 45.951308878189558 ], [ 6.698773351081562, 45.951322943784007 ], [ 6.698896795399519, 45.951367713512333 ], [ 6.698969173508068, 45.951403105924513 ], [ 6.698999010019699, 45.951424661449423 ], [ 6.699034994163188, 45.951467657983471 ], [ 6.699061469999251, 45.951502764170968 ], [ 6.699102044482044, 45.951566229699274 ], [ 6.69915647179856, 45.951599220502771 ], [ 6.699274998808457, 45.951600821953022 ], [ 6.699327376951704, 45.951608083490008 ], [ 6.699403935967085, 45.951621634425891 ], [ 6.699437297472497, 45.951650279661941 ], [ 6.699462380078124, 45.951667889912358 ], [ 6.699614022938844, 45.951695048723245 ], [ 6.699703123501529, 45.951717404561961 ], [ 6.699771240225478, 45.951755026320896 ], [ 6.699785011103693, 45.951760686731788 ], [ 6.699839192840411, 45.95177200752196 ], [ 6.699863209855167, 45.951776238512686 ], [ 6.699976081732092, 45.95179973762059 ], [ 6.69999255757645, 45.951802196146666 ], [ 6.700047477038875, 45.951804197093296 ], [ 6.700106658881615, 45.951803968121673 ], [ 6.700188054411448, 45.951803910526628 ], [ 6.700202890866527, 45.951804367851445 ], [ 6.700300762281826, 45.951806768646556 ], [ 6.700342730719812, 45.95181340077535 ], [ 6.700395273274326, 45.951822720080841 ], [ 6.700465849188883, 45.951835469776334 ], [ 6.70055798287485, 45.951840157431413 ], [ 6.700610607488702, 45.951850505802888 ], [ 6.700645198759936, 45.951857423766889 ], [ 6.700697905405637, 45.951868801263799 ], [ 6.700817827242812, 45.95188789676294 ], [ 6.700901025757229, 45.951873315942095 ], [ 6.701049881302399, 45.951846898793924 ], [ 6.701135948578676, 45.951831174243026 ], [ 6.701140292910668, 45.951829973487605 ], [ 6.70126964156325, 45.951855929487472 ], [ 6.701442598439941, 45.951890518189472 ], [ 6.701555389388848, 45.951912986402924 ], [ 6.701567357004074, 45.951914587117621 ], [ 6.701648507498445, 45.951930023153622 ], [ 6.701692934986207, 45.95193036537988 ], [ 6.701787609737321, 45.95192979179447 ], [ 6.701804331786322, 45.9519353375305 ], [ 6.701927944196595, 45.951982162109324 ], [ 6.702034998764043, 45.952025499183705 ], [ 6.702085575209068, 45.952047282100594 ], [ 6.702126970880507, 45.952065291591239 ], [ 6.702254190992152, 45.952120234715039 ], [ 6.702323211320518, 45.952150593476269 ], [ 6.702395592789718, 45.952185983594319 ], [ 6.702556915325253, 45.952278833169231 ], [ 6.702674792595507, 45.952346526302854 ], [ 6.702691760972269, 45.952355159401819 ], [ 6.702694793926812, 45.952356074132844 ], [ 6.703408355787985, 45.952506996570158 ], [ 6.70323999176799, 45.952548626275714 ], [ 6.703365573120525, 45.952582984857543 ], [ 6.70349992536854, 45.952615970770751 ], [ 6.703602636560997, 45.952641925019826 ], [ 6.703718213655042, 45.952625053915575 ], [ 6.703801576633516, 45.952612529280231 ], [ 6.703895106931244, 45.95263470999469 ], [ 6.704009456294406, 45.952639565499723 ], [ 6.704082246462442, 45.952642935987193 ], [ 6.704221270160655, 45.952660254642801 ], [ 6.704534402549316, 45.952707983190699 ], [ 6.704612357901884, 45.952720444083795 ], [ 6.704724422656825, 45.952826557573161 ], [ 6.704836241612023, 45.95292958346198 ], [ 6.705132977637646, 45.952938717345553 ], [ 6.705405777855454, 45.952944649837519 ], [ 6.705975722590086, 45.952946276962692 ], [ 6.706283113191922, 45.95294054146386 ], [ 6.706452312078405, 45.953020691933652 ], [ 6.706589877183084, 45.953149558036309 ], [ 6.706794175764865, 45.953335710014855 ], [ 6.706857955149465, 45.953374528377047 ], [ 6.707014862300502, 45.953467543388335 ], [ 6.707109629890009, 45.953523741045196 ], [ 6.707204644044761, 45.953583026107317 ], [ 6.707318120055758, 45.953762379323152 ], [ 6.707440288350143, 45.953957912614861 ], [ 6.707577626059617, 45.954176600961468 ], [ 6.707642729760894, 45.954287632019529 ], [ 6.707830336328917, 45.954616894749691 ], [ 6.708009256295919, 45.954948559217023 ], [ 6.708176042530946, 45.955257982887602 ], [ 6.708166797004908, 45.955364673935918 ], [ 6.708157794814993, 45.95545587028036 ], [ 6.707668913669043, 45.955561567678224 ], [ 6.706192452149223, 45.95547744400281 ], [ 6.704631350331345, 45.955742421247805 ], [ 6.703256387515089, 45.956931334562768 ], [ 6.703119219201037, 45.957772854919988 ], [ 6.702036086959563, 45.958650020540155 ], [ 6.700915439490779, 45.959056846661873 ], [ 6.699230419895701, 45.958901220299659 ], [ 6.697891431956951, 45.959410415974773 ], [ 6.69757783072573, 45.960305214649061 ], [ 6.697544197408928, 45.961016769183551 ], [ 6.697807515499639, 45.961479384865711 ], [ 6.700128569329427, 45.962241155614151 ], [ 6.702379326697763, 45.962658735225311 ], [ 6.705630360304555, 45.963163413830436 ], [ 6.702254482632459, 45.967331847539022 ], [ 6.699488634856261, 45.968385690392253 ], [ 6.699608199923939, 45.970462266614192 ], [ 6.701800573526926, 45.97242755649318 ], [ 6.701858696445402, 45.975422207767821 ], [ 6.707741492155874, 45.977149336582166 ], [ 6.712980417557019, 45.977040885664472 ], [ 6.716571360619347, 45.975544789500034 ], [ 6.719214050706261, 45.974653270831041 ], [ 6.721265025627988, 45.972586152196698 ], [ 6.723196474797171, 45.972983765955753 ], [ 6.7237860760016, 45.973560604100996 ], [ 6.7250671907358, 45.973731620786381 ], [ 6.726291388763249, 45.973211092280188 ], [ 6.726884497210776, 45.971578517173427 ], [ 6.72811001405719, 45.96825091204807 ], [ 6.728049106450622, 45.965793159604132 ], [ 6.727902293392312, 45.962264065534683 ], [ 6.725824271571446, 45.960015037130738 ], [ 6.72362967747046, 45.960318388356463 ], [ 6.72015533933518, 45.958984646702419 ], [ 6.718184979705049, 45.959074755817177 ], [ 6.715240524360606, 45.957774965149518 ] ] ] ] } }
]
}
